{  
  "navbar_home": "Главная",
  "navbar_why_us": "Почему выбирают нас",
  "navbar_niches": "Сферы деятельности",
  "navbar_contact": "Связаться с нами",
  "navbar_works": "Наши работы",
  "page_contact_title": "Связаться с нами",
  "page_contact_heading": "Связаться с нами",
  "page_contact_subtext": "Мы здесь для вас! Заполните форму, и мы свяжемся с вами как можно скорее.",
  "contact_name": "Полное имя",
  "contact_email": "Электронная почта",
  "contact_message": "Сообщение",
  "contact_send": "Отправить",
  "contact_or_whatsapp": "Или отправьте нам сообщение в WhatsApp",
  "homepage.whatsapp_help": "Чат с нами в WhatsApp"
}
