{
  "ui": {
    "page_title": "Калькулятор сметы",
    "h1": "Калькулятор сметы",
    "subtitle": "Ответьте на несколько коротких вопросов, и мы рассчитаем ориентировочный ценовой диапазон по выбранной категории.",
    "greeting": "Привет 👋 Давайте вместе рассчитаем ориентировочный диапазон цены.",
    "loading_jobs": "Проверяем, какие работы подходят выбранной категории…",
    "choose_job": "Какую именно работу нужно выполнить?",
    "preparing_opts": "Готовим варианты…",
    "where_exactly": "Где именно?",
    "loading_questions": "Загружаем подходящие вопросы…",
    "computing": "Считаем результат…",
    "ask_category": "В какой категории нужна работа?",
    "field_label": "Категория:",
    "job_label": "Работа:",
    "where_label": "Где:",
    "details_label": "Детали:",
    "range_label": "Ориентировочный диапазон цены:",
    "cart_title": "Сводный расчёт",
    "cart_total": "Общая сумма:",
    "cart_not_added": "⚠️ Диапазон не определён/равен нулю, поэтому не добавлен в сводный расчёт. Можно добавить другую работу или изменить ответы.",
    "err_load_opts": "⚠️ Ошибка при загрузке вариантов. Попробуем ещё раз.",
    "err_load_subs": "⚠️ Ошибка при загрузке вариантов.",
    "err_load_qs": "⚠️ Произошла ошибка при загрузке вопросов.",
    "err_quote": "⚠️ Ошибка при получении сметы.",
    "add_more": "Добавим ещё одну работу к сводному расчёту."
  },
  "categories": {
    "plumbing": "Сантехника",
    "electricity": "Электрика",
    "painting": "Покраска",
    "locksmith": "Слесарь по замкам",
    "renovation": "Ремонт"
  }
}
