{
  "homepage.choose_field_placeholder": "Сфера:",
  "homepage.choose_area_placeholder": "Район:",
  "homepage.choose_area": "Район:",
  "homepage.choose_field": "Сфера:",
  "homepage.start_search": "Начать поиск",
  "homepage.hero_title": "Найдите надежного мастера быстро",
  "homepage.hero_points.1": "✔️ Только проверенные мастера",
  "homepage.hero_points.2": "✔️ Прозрачные цены",
  "homepage.hero_points.3": "✔️ Сопровождение до завершения работ",
  "homepage.hero_img_main_alt": "Основное фото: мастер за работой",
  "homepage.hero_img_alt_b": "Слайд: профессиональная команда",
  "homepage.why_us_title": "Почему выбирают нас",
  "homepage.features.1": "Только проверенные мастера",
  "homepage.features.2": "Прозрачные цены",
  "homepage.features.3": "Сопровождение до завершения работ",
  "homepage.features.4": "Быстрая доступность",
  "homepage.popular_fields_title": "Популярные направления",
  "homepage.popular_fields.plumbers": "Сантехники",
  "homepage.popular_fields.electricians": "Электрики",
  "homepage.popular_fields.renovations": "Ремонт",
  "homepage.popular_fields.locksmiths": "Слесари",
  "city_tel_aviv": "Тель-Авив",
  "city_jerusalem": "Иерусалим",
  "city_haifa": "Хайфа",
  "city_beer_sheva": "Беэр-Шева",
  "homepage.gallery_title": "Галерея работ",
  "homepage.gallery.img1_alt": "Гостиная после профессионального ремонта",
  "homepage.gallery.img2_alt": "Рукопожатие с довольным клиентом",
  "homepage.gallery.img3_alt": "Логотип «Мастера в клик»",
  "homepage.whatsapp_messages.1": "Здравствуйте! Чем можем помочь?",
  "homepage.whatsapp_messages.2": "Нужен мастер на сегодня.",
  "homepage.whatsapp_messages.3": "Без проблем — подберем подходящего мастера.",
  "homepage.whatsapp_messages.4": "Пришлите направление и город.",
  "homepage.whatsapp_messages.5": "Ремонт, Тель-Авив.",
  "homepage.whatsapp_messages.6": "Принято, вернемся с деталями.",
  "homepage.contact_title": "Свяжитесь с нами",
  "homepage.full_name": "Полное имя",
  "homepage.email": "Эл. почта",
  "homepage.your_message": "Ваше сообщение",
  "homepage.send_message": "Отправить сообщение",
  "homepage.whatsapp_help": "Нужна помощь? Напишите в WhatsApp",
  "homepage.whatsapp_alt": "Чат в WhatsApp",
  "homepage.price_list_title": "Прайс популярных работ",
  "homepage.price_list.col_job": "Вид работы",
  "homepage.price_list.col_price": "Ориентировочная цена",
  "homepage.price_list.plumbing": "Сантехника",
  "homepage.price_list.plumbing_price": "₪200 – ₪500",
  "homepage.price_list.electric": "Электрика",
  "homepage.price_list.electric_price": "₪300 – ₪800",
  "homepage.price_list.renovations": "Ремонт",
  "homepage.price_list.renovations_price": "₪400 – ₪1,000",
  "homepage.price_list.locksmith": "Слесарные работы",
  "homepage.price_list.locksmith_price": "₪150 – ₪350",
  "homepage.price_list.note": "*Цены ориентировочные и зависят от объема работ.",
  "footer.terms": "Условия использования",
  "footer.privacy": "Политика конфиденциальности",
  "footer.accessibility": "Доступность",
  "footer.copyright": "© 2025 Мастера в клик. Все права защищены.",
  "homepage.seo_title": "Мастера в клик — найдите надежного мастера рядом",
  "homepage.meta_description": "Найдите проверенных мастеров для любых работ: прозрачные цены, видео-знакомства и поддержка на русском/иврите/английском.",
  "homepage.og_alt_home": "Изображение превью главной страницы",
  "field_plumbers": "Сантехники",
  "field_electricians": "Электрики",
  "field_renovations": "Ремонт",
  "field_locksmiths": "Слесари",
  "homepage.top_pros_title": "Лучшие мастера",
  "homepage.quick.estimate_title": "Получите ориентировочную цену за 2 минуты",
  "homepage.quick.estimate_cta": "Открыть калькулятор",
  "homepage.faq_title": "Часто задаваемые вопросы",
  "homepage.faq.q1": "Как выбрать подходящего мастера?",
  "homepage.faq.a1": "Смотрите подтвержденные рейтинги, специализацию и доступность.",
  "homepage.faq.q2": "Являются ли цены окончательными?",
  "homepage.faq.a2": "Цены ориентировочные; точный диапазон после уточнения задачи.",
  "homepage.faq.q3": "Как происходит оплата?",
  "homepage.faq.a3": "Оплата напрямую мастеру — прозрачно и без скрытых комиссий.",
  "homepage.how_title": "Как это работает",
  "homepage.how.1.title": "Выберите направление и район",
  "homepage.how.1.text": "Заполните два поля и нажмите «Начать поиск».",
  "homepage.how.2.title": "Сравните профили и отзывы",
  "homepage.how.2.text": "Посмотрите видео, изучите рейтинги, проверьте доступность и цену.",
  "homepage.how.3.title": "Свяжитесь и договоритесь о работе",
  "homepage.how.3.text": "Напишите мастеру напрямую или попросите нас перезвонить.",
  "homepage.videos_title": "Смотрите и выбирайте мастера",
  "homepage.videos_empty": "Видео появятся здесь скоро.",
  "homepage.hero_title_overlay": "Найдите надежных мастеров рядом с вами",
  "homepage.quick.estimate_desc": "Ответьте на несколько коротких вопросов — мы подскажем честный диапазон цены.",
  "homepage.quick.videos_nav": "Видео мастеров",
  "homepage.quick.how_nav": "Как это работает",
  "homepage.quick.estimate_nav": "Калькулятор цены",
  "homepage.avg_rating_label": "Средний рейтинг"
}