{
  "navbar_home": "Главная",
  "navbar_why_us": "Почему выбирают нас",
  "navbar_niches": "Сферы деятельности",
  "navbar_contact": "Связаться с нами",
  "navbar_works": "Наши работы",
  "niche_plumber": "Сантехника",
  "niche_electric": "Электрика",
  "niche_renovation": "Ремонт",
  "niche_locksmith": "Слесари",
  "page_niches_heading": "Наши специалисты",
  "page_niches_text": "Широкий выбор сфер деятельности — все с рекомендованными, доступными и надежными специалистами в вашем регионе."
}
