{
  "nav_home": "Главная",
  "nav_why_us": "Почему выбирают нас",
  "nav_works": "Работы",
  "nav_niches": "Сферы деятельности",
  "nav_contact": "Связаться с нами",
  "page_title": "Найдите своего специалиста в один клик",
  "no_workers_found": "Подходящие специалисты не найдены.",
  "label_field": "Сфера",
  "label_experience": "Опыт",
  "label_description": "Описание",
  "not_available": "В данный момент недоступен ❌",
  "call_now": "Позвонить",
  "footer_terms": "Условия использования",
  "footer_privacy": "Политика конфиденциальности",
  "footer_accessibility": "Доступность",
  "footer_copyright": "© 2025 Профессионалы в один клик. Все права защищены.",
  "workers_list_aria": "Список специалистов",
  "default_tagline": "Специалист в сфере {field}",
  "find_your_pro": "Найдите своего специалиста",
  "search_button": "Поиск",
  "label_area": "Регион",
  "worker_rating": "Рейтинг",
  "more_reviews": "Больше отзывов",
  "skip_to_main_content": "Перейти к основному содержанию",
  "phone_icon_alt": "Значок телефона"
}
