{
  "site_name": "Pros In Click",

  "why_us_title": "Почему мы",
  "why_us_heading": "Почему Pros In Click?",
  "why_us_subheading": "Здесь не ищут — находят. Проверенные, надежные и доступные специалисты.",
  "why_us_cta_button": "Найти специалиста",

  "why_us_watch_videos": "Смотреть видео специалистов",
  "why_us_try_calc": "Оценить стоимость",
  "trust_indicators": "Показатели доверия",

  "trusted_pros": "Проверенные специалисты",
  "cities_covered": "Охваченные города",
  "avg_rating": "Средний рейтинг",

  "quality_process": "Наш процесс качества",

  "why_us_step1_title": "Личная проверка",
  "why_us_step1_desc": "Мы связываемся с каждым специалистом, проверяем рекомендации и опыт.",

  "why_us_step2_title": "Отзывы клиентов",
  "why_us_step2_desc": "Спрашиваем бывших клиентов об уровне сервиса, надежности и цене.",

  "why_us_step3_title": "Индивидуальный подбор",
  "why_us_step3_desc": "Выберите сферу и город — мы подберем подходящего специалиста.",

  "why_us_step4_title": "Поддержка после работ",
  "why_us_step4_desc": "Мы на связи и после завершения работ — настоящий сервис.",

  "why_us_video_feature_title": "Видео-профили",
  "why_us_video_feature_desc": "У каждого мастера есть короткое видео — увидьте человека до звонка.",

  "why_us_calc_title": "Умный калькулятор сметы",
  "why_us_calc_desc": "Мгновенный диапазон цен по сфере, городу и объему работ.",
  "why_us_calc_pitch": "Ответьте на несколько вопросов и получите оценку за секунды — без обязательств.",

  "why_us_wa_title": "Прямой WhatsApp",
  "why_us_wa_desc": "Быстрая связь с мастером — без громоздких форм, прозрачная коммуникация.",

  "why_us_multilang_title": "Мультиязычность и доступность",
  "why_us_multilang_desc": "Иврит, английский, русский + соответствие стандартам доступности.",

  "why_us_videos_title": "Познакомьтесь с нашими мастерами (видео)",

  "pro_plumber": "Йоси • сантехник",
  "city_telaviv": "Тель-Авив и центр",
  "pro_electric": "Дани • электрик",
  "city_sharon": "Регион Шарон",
  "pro_locksmith": "Эла • мастер по замкам",
  "city_gushdan": "Гуш-Дан",
  "pro_hvac": "Ротем • кондиционирование",
  "city_krayot": "Хайфа и Крайот",

  "assurance_title": "Что для нас важно",
  "privacy_title": "Приватность и прозрачность",
  "privacy_desc": "Никакого спама. Связываемся только по запросу, цены открыты и понятны.",
  "access_title": "Доступность",
  "access_desc": "Стремимся к стандартам доступности — навигация с клавиатуры, четкий фокус, alt-тексты.",
  "speed_title": "Быстрый подбор",
  "speed_desc": "Мгновенный подбор по сфере и городу, с видео, отзывами и моментальной связью.",

  "why_us_icon_alt_1": "Иконка специалиста",
  "why_us_icon_alt_2": "Иконка отзыва",
  "why_us_icon_alt_3": "Иконка персональной поддержки",
  "why_us_icon_alt_4": "Иконка индивидуального подбора",

  "nav_home": "Главная",
  "nav_why_us": "Почему мы",
  "nav_niches": "Категории",
  "nav_contact": "Контакты",
  "nav_works": "Наши работы"
}
