{
  "our_work_title": "Выполненные работы",
  "our_work_heading": "Наши работы — для вас",
  "kitchen_renovation": "Ремонт кухни",
  "kitchen_renovation_desc": "Современный ремонт кухни, качественная работа с вниманием к деталям, включая установку новых шкафов, укладку плитки и замену рабочей поверхности.",
  "electric_work": "Установка новой электросистемы",
  "electric_work_desc": "Профессиональная и безопасная установка электросистемы, включая замену электрощита и модернизацию существующих коммуникаций.",
  "plumbing_work": "Ремонт трубопровода",
  "plumbing_work_desc": "Профессиональный и быстрый ремонт труб, устранение протечек и замена старых труб с использованием качественных материалов.",
  "pro_name": "Специалист",
  "navbar_home": "Главная",
  "navbar_why_us": "Почему выбирают нас",
  "navbar_niches": "Сферы деятельности",
  "navbar_contact": "Связаться с нами",
  "navbar_works": "Наши работы"
}
