[
  {
    "company_name": "אלקטרו-אורי – חשמלאי מוסמך",
    "name": "אורי כהן",
    "field": "חשמלאים",
    "field_en": "Electricians",
    "field_ru": "электрики",
    "base_city": "תל אביב",
    "work_radius": 30,
    "active_cities": [
      "תל אביב",
      "פתח תקווה",
      "נתניה",
      "ראשון לציון"
    ],
    "phone": "052-1234567",
    "experience": 8,
    "description": "מתמקצע בכל עבודות החשמל",
    "reviews": "",
    "image_filename": "",
    "video_url": null,
    "video_local": null,
    "work_blocks": [
      {
        "start_hour": 8,
        "end_hour": 21,
        "days": [
          "ראשון",
          "שני",
          "שלישי",
          "רביעי",
          "חמישי",
          "שישי",
          "שבת"
        ]
      }
    ],
    "ai_draft_bio": "אלקטרו-אורי בהנהלת אורי כהן מטפלים בתיקון קצרי חשמל, התקנת שקעים ומפסקים, שדרוג לוח תלת פאזי והתקנת תאורה.",
    "ai_draft_highlights": [
      "תיאום מהיר ושקוף",
      "התאמה לצורכי הלקוח",
      "עבודה מוקפדת"
    ],
    "ai_draft_seo_title": "אלקטרו-אורי | תיקון קצרי חשמל, התקנת שקעים ומפסקים",
    "ai_status": "ready",
    "ai_updated_at": "2025-09-22T10:47:08Z",
    "ai_model": "deterministic-variants+policy+orders+allcheck+noCTA+noProf",
    "ai_draft_bio_short": "אלקטרו-אורי בהנהלת אורי כהן מטפלים בתיקון קצרי חשמל, התקנת שקעים ומפסקים, שדרוג לוח תלת פאזי והתקנת תאורה.",
    "ai_draft_bio_full": "אלקטרו-אורי בהנהלת אורי כהן מתמחה בתיקון קצרי חשמל והתקנת שקעים ומפסקים. בנוסף מטפל בשדרוג לוח תלת פאזי והתקנת תאורה. שירות מקצועי, מהיר ואמין.",
    "ai_draft_services_sentence": "תיקון קצרי חשמל, התקנת שקעים ומפסקים, שדרוג לוח תלת פאזי, התקנת תאורה",
    "ai_draft_services": [
      "תיקון קצרי חשמל",
      "התקנת שקעים ומפסקים",
      "שדרוג לוח תלת פאזי",
      "התקנת תאורה"
    ],
    "ai_style": "חם ואמין",
    "ai_variant_used": "elc_v4",
    "ai_variant_card_style": 3,
    "ai_variant_full_style": 3,
    "ai_variant_cta_group": 3,
    "ai_variant_in_use_by": null,
    "ai_variants_exhausted": false,
    "ai_variant_cursor_next": 1,
    "ai_variant_cursor": 0
  },
  {
    "company_name": "אלקטרו-אורי – חשמלאי מוסמך",
    "name": "אורי כהן",
    "field": "חשמלאים",
    "field_en": "Electricians",
    "field_ru": "электрики",
    "base_city": "תל אביב",
    "work_radius": 30,
    "active_cities": [
      "תל אביב",
      "פתח תקווה",
      "נתניה",
      "ראשון לציון"
    ],
    "phone": "052-1234567",
    "experience": 12,
    "description": "בתחום 12 שנים מתחייב לעבודה טובה מחירים הוגנים ועמידה בזמנים",
    "reviews": "",
    "image_filename": "",
    "video_url": null,
    "video_local": null,
    "work_blocks": [
      {
        "start_hour": 8,
        "end_hour": 21,
        "days": [
          "ראשון",
          "שני",
          "שלישי",
          "רביעי",
          "חמישי",
          "שישי",
          "שבת"
        ]
      }
    ],
    "sub_services": [
      "תיקון קצרי חשמל",
      "התקנת שקעים ומפסקים",
      "שדרוג ללוח תלת פאזי",
      "התקנת תאורה",
      "תכנון נקודות חשמל",
      "הכנת תשתיות לדוד/מזגן"
    ],
    "offers_emergency": true,
    "ai_draft_bio_short": "אלקטרו-אורי בהנהלת אורי כהן מטפלים בתיקון קצרי חשמל, התקנת שקעים ומפסקים, שדרוג לוח תלת פאזי, התקנת תאורה, תכנון נקודות חשמל והכנת תשתיות לדוד/מזגן.",
    "ai_draft_bio_full": "אלקטרו-אורי בהנהלת אורי כהן מתמחה בתיקון קצרי חשמל והתקנת שקעים ומפסקים. בנוסף מטפל בשדרוג לוח תלת פאזי, התקנת תאורה ותכנון נקודות חשמל. כמו כן זמין להכנת תשתיות לדוד/מזגן. עמידה בלוחות זמנים.",
    "ai_draft_bio": "אלקטרו-אורי בהנהלת אורי כהן מטפלים בתיקון קצרי חשמל, התקנת שקעים ומפסקים, שדרוג לוח תלת פאזי, התקנת תאורה, תכנון נקודות חשמל והכנת תשתיות לדוד/מזגן.",
    "ai_draft_highlights": [
      "תיאום מהיר ושקוף",
      "התאמה לצורכי הלקוח",
      "עבודה מוקפדת"
    ],
    "ai_draft_seo_title": "אלקטרו-אורי | תיקון קצרי חשמל, התקנת שקעים ומפסקים",
    "ai_draft_services_sentence": "תיקון קצרי חשמל, התקנת שקעים ומפסקים, שדרוג לוח תלת פאזי, התקנת תאורה, תכנון נקודות חשמל, הכנת תשתיות לדוד/מזגן",
    "ai_draft_services": [
      "תיקון קצרי חשמל",
      "התקנת שקעים ומפסקים",
      "שדרוג לוח תלת פאזי",
      "התקנת תאורה",
      "תכנון נקודות חשמל",
      "הכנת תשתיות לדוד/מזגן"
    ],
    "ai_style": "חם ואמין",
    "ai_status": "ready",
    "ai_updated_at": "2025-09-22T10:47:10Z",
    "ai_model": "deterministic-variants+policy+orders+allcheck+noCTA+noProf",
    "ai_variant_seed": "pre:921af0e548ce408b",
    "ai_variant_card_idx": 2,
    "ai_variant_full_idx": 0,
    "ai_variant_used": "elc_v4",
    "ai_variant_card_style": 3,
    "ai_variant_full_style": 3,
    "ai_variant_cta_group": 3,
    "ai_variant_in_use_by": null,
    "ai_variants_exhausted": false,
    "ai_variant_cursor_next": 1,
    "ai_variant_cursor": 0
  },
  {
    "company_name": "אלקטרו-וולט פתרונות בע״מ",
    "name": "אורי כהן ",
    "field": "חשמלאים",
    "field_en": "Electricians",
    "field_ru": "электрики",
    "base_city": "תל אביב",
    "work_radius": 15,
    "active_cities": [
      "תל אביב",
      "פתח תקווה",
      "ראשון לציון"
    ],
    "phone": "052-3456789",
    "experience": 11,
    "description": "חשמלאי מוסמך, עובד בתל אביב-יפו והסביבה כבר 11 שנים. זמין לקריאות חירום 24/7, מוציא חשבונית מס, אחריות מלאה לשנה.\r\nElectrical work – שדרוגים תלת-פאזי, תכנון נקודות, התקנות תאורה, לוחות חשמל. שקיפות בתמחור, עמידה בלוחות זמנים.\r\n",
    "reviews": "",
    "image_filename": "",
    "video_url": null,
    "video_local": null,
    "work_blocks": [
      {
        "start_hour": 8,
        "end_hour": 21,
        "days": [
          "ראשון",
          "שני",
          "שלישי",
          "רביעי",
          "חמישי",
          "שישי",
          "שבת"
        ]
      }
    ],
    "sub_services": [
      "תיקון קצרי חשמל",
      "התקנת שקעים ומפסקים",
      "שדרוג ללוח תלת פאזי",
      "התקנת תאורה",
      "תכנון נקודות חשמל",
      "הכנת תשתיות לדוד/מזגן"
    ],
    "offers_emergency": true,
    "ai_draft_bio_short": "אלקטרו-וולט פתרונות בע״מ בהנהלת אורי כהן מתמחה במגוון עבודות החשמל: תיקון קצרי חשמל, התקנת שקעים ומפסקים, שדרוג לוח תלת פאזי, התקנת תאורה, תכנון נקודות חשמל והכנת תשתיות לדוד/מזגן. דגש על עמידה בלוחות זמנים ושקיפות בתמחור. נשמח לקבוע מועד.",
    "ai_draft_bio_full": "אלקטרו-וולט פתרונות בע״מ בהנהלת אורי כהן מתמחה בתיקון קצרי חשמל והתקנת שקעים ומפסקים. בנוסף מטפל בשדרוג לוח תלת פאזי, התקנת תאורה ותכנון נקודות חשמל. כמו כן זמין להכנת תשתיות לדוד/מזגן. דגש על עמידה בלוחות זמנים ושקיפות בתמחור.",
    "ai_draft_bio": "אלקטרו-וולט פתרונות בע״מ בהנהלת אורי כהן מתמחה במגוון עבודות החשמל: תיקון קצרי חשמל, התקנת שקעים ומפסקים, שדרוג לוח תלת פאזי, התקנת תאורה, תכנון נקודות חשמל והכנת תשתיות לדוד/מזגן. דגש על עמידה בלוחות זמנים ושקיפות בתמחור. נשמח לקבוע מועד.",
    "ai_draft_highlights": [
      "תיאום מהיר ושקוף",
      "התאמה לצורכי הלקוח",
      "עבודה מוקפדת"
    ],
    "ai_draft_seo_title": "אלקטרו-וולט פתרונות בע״מ | תיקון קצרי חשמל, התקנת שקעים ומפסקים",
    "ai_draft_services_sentence": "תיקון קצרי חשמל, התקנת שקעים ומפסקים, שדרוג לוח תלת פאזי, התקנת תאורה, תכנון נקודות חשמל, הכנת תשתיות לדוד/מזגן",
    "ai_draft_services": [
      "תיקון קצרי חשמל",
      "התקנת שקעים ומפסקים",
      "שדרוג לוח תלת פאזי",
      "התקנת תאורה",
      "תכנון נקודות חשמל",
      "הכנת תשתיות לדוד/מזגן"
    ],
    "ai_style": "ענייני ומדויק",
    "ai_variant_used": "elc_v7",
    "ai_variant_card_style": 1,
    "ai_variant_full_style": 2,
    "ai_variant_cta_group": 6,
    "ai_variant_in_use_by": null,
    "ai_variants_exhausted": false,
    "ai_variant_cursor_next": 1,
    "ai_status": "ready",
    "ai_updated_at": "2025-09-22T11:31:11Z",
    "ai_model": "deterministic-variants+policy+voiceecho",
    "ai_variant_cursor": 0
  }
]