 {
 "navbar_home": "Home",
  "navbar_why_us": "Why Us",
  "navbar_niches": "Categories",
  "navbar_contact": "Contact",
  "navbar_works": "Our Works",
    "page_contact_title": "Contact Us",
  "page_contact_heading": "Contact Us",
  "page_contact_subtext": "We're here for you! Fill out the form and we'll get back to you soon.",
  "contact_name": "Full Name",
  "contact_email": "Email",
  "contact_message": "Message",
  "contact_send": "Send",
  "contact_or_whatsapp": "Or message us on WhatsApp",
  "homepage.whatsapp_help": "Chat with us on WhatsApp"
}