{
  "ui": {
    "page_title": "Price Estimate Calculator",
    "h1": "Price Estimate Calculator",
    "subtitle": "Answer a few quick questions and we’ll estimate a price range for your job.",
    "greeting": "Hi 👋 Let’s estimate a price range together.",
    "loading_jobs": "Checking what’s relevant for your field…",
    "choose_job": "What exactly do you need?",
    "preparing_opts": "Preparing options…",
    "where_exactly": "Where exactly?",
    "loading_questions": "Loading suitable questions…",
    "computing": "Computing…",
    "ask_category": "Which field is the job in?",
    "field_label": "Field:",
    "job_label": "Job:",
    "where_label": "Where:",
    "details_label": "Details:",
    "range_label": "Estimated price range:",
    "cart_title": "Summary",
    "cart_total": "Total:",
    "cart_not_added": "⚠️ Range not detected/zero — not added to the summary. Try another job or change answers.",
    "err_load_opts": "⚠️ Problem loading options. Let’s try again.",
    "err_load_subs": "⚠️ Problem loading options.",
    "err_load_qs": "⚠️ Error loading questions.",
    "err_quote": "⚠️ Error fetching the quote.",
    "add_more": "Let’s add another job to the running total."
  },
  "categories": {
    "plumbing": "Plumbing",
    "electricity": "Electrical",
    "painting": "Painting",
    "locksmith": "Locksmith",
    "renovation": "Renovation"
  }
}
