{
  "homepage.choose_field_placeholder": "Field:",
  "homepage.choose_area_placeholder": "Area:",
  "homepage.choose_area": "Area:",
  "homepage.choose_field": "Field:",
  "homepage.start_search": "Start search",
  "homepage.hero_title": "Find a trusted pro fast",
  "homepage.hero_points.1": "✔️ Only verified professionals",
  "homepage.hero_points.2": "✔️ Transparent pricing",
  "homepage.hero_points.3": "✔️ Support until job completion",
  "homepage.hero_img_main_alt": "Main image: professional at work",
  "homepage.hero_img_alt_b": "Alternate slide: professional team",
  "homepage.why_us_title": "Why choose us",
  "homepage.features.1": "Only verified professionals",
  "homepage.features.2": "Transparent pricing",
  "homepage.features.3": "Support until job completion",
  "homepage.features.4": "Fast availability",
  "homepage.popular_fields_title": "Popular fields",
  "homepage.popular_fields.plumbers": "Plumbers",
  "homepage.popular_fields.electricians": "Electricians",
  "homepage.popular_fields.renovations": "Renovations",
  "homepage.popular_fields.locksmiths": "Locksmiths",
  "city_tel_aviv": "Tel Aviv",
  "city_jerusalem": "Jerusalem",
  "city_haifa": "Haifa",
  "city_beer_sheva": "Beer Sheva",
  "homepage.gallery_title": "Project gallery",
  "homepage.gallery.img1_alt": "Living room after professional renovation",
  "homepage.gallery.img2_alt": "Handshake with a happy client",
  "homepage.gallery.img3_alt": "Pros in a Click logo",
  "homepage.whatsapp_messages.1": "Hi! How can we help?",
  "homepage.whatsapp_messages.2": "I need a pro available today.",
  "homepage.whatsapp_messages.3": "No problem — we'll find a good match.",
  "homepage.whatsapp_messages.4": "Please send the field and city.",
  "homepage.whatsapp_messages.5": "Renovations, Tel Aviv.",
  "homepage.whatsapp_messages.6": "Got it, I'll get back to you.",
  "homepage.contact_title": "Contact us",
  "homepage.full_name": "Full name",
  "homepage.email": "Email",
  "homepage.your_message": "Your message",
  "homepage.send_message": "Send message",
  "homepage.whatsapp_help": "Need help? Chat on WhatsApp",
  "homepage.whatsapp_alt": "WhatsApp chat",
  "homepage.price_list_title": "Popular jobs price list",
  "homepage.price_list.col_job": "Type of job",
  "homepage.price_list.col_price": "Estimated price",
  "homepage.price_list.plumbing": "Plumbing",
  "homepage.price_list.plumbing_price": "₪200 – ₪500",
  "homepage.price_list.electric": "Electric",
  "homepage.price_list.electric_price": "₪300 – ₪800",
  "homepage.price_list.renovations": "Renovations",
  "homepage.price_list.renovations_price": "₪400 – ₪1,000",
  "homepage.price_list.locksmith": "Locksmith",
  "homepage.price_list.locksmith_price": "₪150 – ₪350",
  "homepage.price_list.note": "*Prices are estimates and may vary by scope.",
  "footer.terms": "Terms of use",
  "footer.privacy": "Privacy policy",
  "footer.accessibility": "Accessibility",
  "footer.copyright": "© 2025 Pros in a Click. All rights reserved.",
  "homepage.seo_title": "Pros in a Click — Find a trusted pro near you",
  "homepage.meta_description": "Find verified pros for any job with transparent pricing, intro videos, and support in Hebrew/English/Russian.",
  "homepage.og_alt_home": "Homepage preview image",
  "field_plumbers": "Plumbers",
  "field_electricians": "Electricians",
  "field_renovations": "Renovations",
  "field_locksmiths": "Locksmiths",
  "homepage.top_pros_title": "Top pros",
  "homepage.quick.estimate_title": "Get an estimated price range in 2 minutes",
  "homepage.quick.estimate_cta": "Open the estimator",
  "homepage.faq_title": "Frequently asked questions",
  "homepage.faq.q1": "How do I choose the right pro?",
  "homepage.faq.a1": "Check verified ratings, specialization, and availability.",
  "homepage.faq.q2": "Are the prices final?",
  "homepage.faq.a2": "Prices are indicative; you'll get a precise range after scoping.",
  "homepage.faq.q3": "How is payment handled?",
  "homepage.faq.a3": "You pay the pro directly — transparent and with no hidden fees.",
  "homepage.how_title": "How it works",
  "homepage.how.1.title": "Choose field & area",
  "homepage.how.1.text": "Fill the two fields and click \"Start search\".",
  "homepage.how.2.title": "Compare profiles & reviews",
  "homepage.how.2.text": "Watch intro videos, read ratings, check availability & price.",
  "homepage.how.3.title": "Contact and book",
  "homepage.how.3.text": "Message the pro directly or ask us to call you back.",
  "homepage.videos_title": "Watch & choose a pro",
  "homepage.videos_empty": "Videos coming soon.",
  "homepage.hero_title_overlay": "Find trusted pros in your area",
  "homepage.quick.estimate_desc": "Answer a few quick questions and we'll guide you to a fair quote.",
  "homepage.quick.videos_nav": "Pro videos",
  "homepage.quick.how_nav": "How it works",
  "homepage.quick.estimate_nav": "Price estimator",
  "homepage.avg_rating_label": "Average rating"
}