{
  "pro_req.title": "Request to Join as a Pro",
  "pro_req.req_time_note": "Average completion time: 2–3 minutes. You can pause and resume later.",
  "pro_req.sec_basic": "Basic details",
  "pro_req.company_label": "Company name (if any)",
  "pro_req.company_ph": "Example: “Yossi Renovations”",
  "pro_req.company_hint": "If you’re a freelancer without a company name, you can leave this empty.",
  "pro_req.name_label": "Full name",
  "pro_req.name_ph": "The name you want to display on the site",
  "pro_req.field_label": "Trade / Profession",
  "pro_req.field_ph": "Type a profession (e.g., Renovations, Plumber)",
  "pro_req.field_hint": "Start typing to see common suggestions.",
  "pro_req.city_label": "Base city",
  "pro_req.city_ph": "Type a city (e.g., Tel Aviv)",
  "pro_req.city_hint": "Start typing to get suggestions.",
  "pro_req.radius_label": "Work radius (km)",
  "pro_req.opt_choose": "Choose…",
  "pro_req.radius_5": "Up to 5 km",
  "pro_req.radius_10": "Up to 10 km",
  "pro_req.radius_15": "Up to 15 km",
  "pro_req.radius_20": "Up to 20 km",
  "pro_req.radius_30": "Up to 30 km",
  "pro_req.phone_label": "Phone number",
  "pro_req.phone_ph": "05X-XXXXXXX",
  "pro_req.phone_hint": "Ideally a direct mobile. We can also show WhatsApp if relevant.",
  "pro_req.exp_label": "Experience (years)",
  "pro_req.exp_ph": "Example: 7",
  "pro_req.desc_label": "Short description",
  "pro_req.desc_ph": "A few words about your experience, job types and key strengths.",
  "pro_req.desc_hint": "In 2–3 sentences: what you do, where you work, and why clients should choose you.",
  "pro_req.reviews_label": "Recommendations (optional)",
  "pro_req.reviews_ph": "Client names, a short note about successful jobs, or a link to reviews.",
  "pro_req.reviews_hint": "You can paste multiple names/paragraphs; we’ll format them nicely.",
  "pro_req.sec_media": "Photo, video & working hours",
  "pro_req.photo_tips_title": "Good photo builds trust",
  "pro_req.photo_importance": "Clients respond faster to profiles with a clear photo. Aim for a front-facing, well-lit shot with a clean background.",
  "pro_req.photo_tip_light": "Natural light is best; avoid harsh shadows.",
  "pro_req.photo_tip_face": "Looking at the camera with a light smile feels trustworthy.",
  "pro_req.photo_tip_bg": "Tidy or plain background looks more professional.",
  "pro_req.image_label": "Photo (optional)",
  "pro_req.image_btn": "Choose a photo",
  "pro_req.image_note": "Supported: JPG/PNG/WebP. Up to ~5MB recommended.",
  "pro_req.video_tips_title": "Video increases conversions",
  "pro_req.video_importance": "Our tests show profiles with a short video tend to get more inquiries (sometimes up to 2×), depending on content quality. 30–60s is ideal.",
  "pro_req.video_q_intro": "Start with a short intro: who you are and what you offer.",
  "pro_req.video_q_experience": "Mention brief experience with similar jobs.",
  "pro_req.video_q_specialty": "Highlight a specialty that sets you apart.",
  "pro_req.video_q_area": "State your service areas and typical availability.",
  "pro_req.video_q_call": "Close with a call-to-action: “Contact me to schedule.”",
  "pro_req.video_label": "Upload a video",
  "pro_req.video_btn_camera": "Capture now",
  "pro_req.video_btn_gallery": "Choose from gallery",
  "pro_req.video_note": "Supported: MP4 / WebM / Ogg · up to 50MB. Prefer landscape.",
  "pro_req.sec_hours": "Select working days & hours",
  "pro_req.start_time": "Start time",
  "pro_req.end_time": "End time",
  "pro_req.days_group": "Working days",
  "pro_req.day_sun": "Sunday",
  "pro_req.day_mon": "Monday",
  "pro_req.day_tue": "Tuesday",
  "pro_req.day_wed": "Wednesday",
  "pro_req.day_thu": "Thursday",
  "pro_req.day_fri": "Friday",
  "pro_req.day_sat": "Saturday",
  "pro_req.add_hours_block": "Add another time range",
  "pro_req.hours_hint": "You may add multiple ranges for different days. If unsure, keep one range.",
  "pro_req.submit_btn": "Submit request",
  "pro_req.ac_no_results": "No results found"
}