{
  "nav_home": "Home",
  "nav_why_us": "Why Us",
  "nav_works": "Our Work",
  "nav_niches": "Categories",
  "nav_contact": "Contact",
  "page_title": "Find Your Professional in a Click",
  "no_workers_found": "No matching professionals found.",
  "label_field": "Field",
  "label_experience": "Experience",
  "label_description": "Description",
  "not_available": "Not available ❌",
  "call_now": "Call Now",
  "footer_terms": "Terms of Use",
  "footer_privacy": "Privacy Policy",
  "footer_accessibility": "Accessibility",
  "footer_copyright": "© 2025 Pros in a Click. All rights reserved.",
  "workers_list_aria": "Professionals List",
  "default_tagline": "Professional in the field of {field_en}",
  "find_your_pro": "Find Your Professional",
  "search_button": "Search",
  "label_area": "Area",
  "worker_rating": "Rating",
  "more_reviews": "more reviews",
  "skip_to_main_content": "Skip to main content",
  "phone_icon_alt": "Phone icon"


}
