{
  "site_name": "Pros In Click",

  "why_us_title": "Why Choose Us",
  "why_us_heading": "Why Choose Pros In Click?",
  "why_us_subheading": "Here, you don't search – you find. Verified, reliable, and available professionals.",
  "why_us_cta_button": "Find a professional now",

  "why_us_watch_videos": "Watch pros' videos",
  "why_us_try_calc": "Check price estimate",
  "trust_indicators": "Trust indicators",

  "trusted_pros": "Verified professionals",
  "cities_covered": "Cities covered",
  "avg_rating": "Average rating",

  "quality_process": "Our quality process",

  "why_us_step1_title": "Personal Screening",
  "why_us_step1_desc": "We contact every professional, verify recommendations and experience.",

  "why_us_step2_title": "Client Reviews",
  "why_us_step2_desc": "We ask previous clients about service level, reliability, and price.",

  "why_us_step3_title": "Tailored Matching",
  "why_us_step3_desc": "Choose a field and city – we'll find the right professional for you.",

  "why_us_step4_title": "Available Support",
  "why_us_step4_desc": "We're here for you even after the job is done – real service.",

  "why_us_video_feature_title": "Unique Video Profiles",
  "why_us_video_feature_desc": "Each pro has a short intro video — see the person before you call.",

  "why_us_calc_title": "Smart Price Estimate Calculator",
  "why_us_calc_desc": "Get an instant price range by trade, city, and scope of work.",
  "why_us_calc_pitch": "Answer a few questions and get an instant estimate — no commitment, in seconds.",

  "why_us_wa_title": "Direct WhatsApp",
  "why_us_wa_desc": "Reach the pro quickly — no clunky forms, transparent communication.",

  "why_us_multilang_title": "Multilingual & Accessible",
  "why_us_multilang_desc": "Hebrew, English, Russian + accessibility by standard. Everyone feels at home.",

  "why_us_videos_title": "Meet our professionals (video)",

  "pro_plumber": "Yossi • Plumber",
  "city_telaviv": "Tel Aviv & Center",
  "pro_electric": "Dani • Electrician",
  "city_sharon": "Sharon Region",
  "pro_locksmith": "Ela • Locksmith",
  "city_gushdan": "Gush Dan",
  "pro_hvac": "Rotem • HVAC",
  "city_krayot": "Haifa & Krayot",

  "assurance_title": "What matters to us",
  "privacy_title": "Privacy & Transparency",
  "privacy_desc": "No spam. We contact you only upon request, and pricing is open and clear.",
  "access_title": "Accessibility",
  "access_desc": "We aim to meet accessibility standards — keyboard navigation, clear focus, and alt text.",
  "speed_title": "Fast Matching",
  "speed_desc": "Lightning-fast matching by trade + city, with video, reviews, and instant contact.",

  "why_us_icon_alt_1": "Professional icon",
  "why_us_icon_alt_2": "Customer review icon",
  "why_us_icon_alt_3": "Personal support icon",
  "why_us_icon_alt_4": "Customized match icon",

  "nav_home": "Home",
  "nav_why_us": "Why Us",
  "nav_niches": "Categories",
  "nav_contact": "Contact",
  "nav_works": "Our Works"
}
