{
  "our_work_title": "Our Completed Works",
  "our_work_heading": "Our Work — For You",
  "kitchen_renovation": "Kitchen Renovation",
  "kitchen_renovation_desc": "Modern kitchen renovation, quality work with attention to detail, including new cabinet installation, flooring, and countertop replacement.",
  "electric_work": "Electrical Installation",
  "electric_work_desc": "Professional and safe electrical system installation, including panel replacement and infrastructure upgrade.",
  "plumbing_work": "Plumbing Repair",
  "plumbing_work_desc": "Professional and fast plumbing repair, leak treatment, and replacement of old pipes with quality materials.",
  "pro_name": "Professional",
  "navbar_home": "Home",
  "navbar_why_us": "Why Us",
  "navbar_niches": "Categories",
  "navbar_contact": "Contact",
  "navbar_works": "Our Works"

}
