{
  "category": "electricity",
  "base_price": [250, 400],
  "result_note": {
    "en": "The price shown is an indicative range based on your answers and common industry rates. The final price is set on site and depends on access, complexity, materials/parts, code requirements and working conditions."
  },
  "jobs": [
    {
      "id": "fault",
      "label": { "en": "Electrical fault / short" },
      "subtypes": [
        {
          "id": "partial_outage",
          "label": { "en": "Power outage – part of the home" },
          "base_price": [280, 420],
          "result_note": { "en": "Includes diagnosis at the panel/circuits. Parts not included." },
          "questions": [
            {
              "id": "scope",
              "text": { "en": "How many areas are affected?" },
              "options": [
                { "value": "one_room",  "label": { "en": "One room / one point" }, "delta": [0, 0] },
                { "value": "multi",     "label": { "en": "Several rooms/circuits (+₪80–₪140)" }, "delta": [80, 140] },
                { "value": "unknown",   "label": { "en": "Not sure" }, "delta": [40, 90], "ui": { "silent_delta": true } }
              ]
            },
            {
              "id": "trip_type",
              "text": { "en": "What trips at the panel?" },
              "options": [
                { "value": "breaker", "label": { "en": "MCB (fuse/circuit breaker)" }, "delta": [0, 0] },
                { "value": "rcd",     "label": { "en": "RCD / safety switch (+₪60–₪110)" }, "delta": [60, 110] },
                { "value": "unknown", "label": { "en": "Not sure" }, "delta": [40, 90], "ui": { "silent_delta": true } }
              ]
            },
            {
              "id": "appliance",
              "text": { "en": "Does it happen when a specific device is plugged in?" },
              "options": [
                { "value": "no",      "label": { "en": "No specific device identified" }, "delta": [0, 0] },
                { "value": "yes",     "label": { "en": "Yes, a specific device causes it (+₪30–₪70)" }, "delta": [30, 70] },
                { "value": "unknown", "label": { "en": "Not sure" }, "delta": [20, 50], "ui": { "silent_delta": true } }
              ]
            },
            {
              "id": "urgency",
              "text": { "en": "Urgency" },
              "options": [
                { "value": "normal",  "label": { "en": "Standard hours" }, "delta": [0, 0] },
                { "value": "evening", "label": { "en": "Evening / weekend" }, "multiplier": 1.5 }
              ]
            }
          ]
        },
        {
          "id": "full_outage",
          "label": { "en": "Power outage – whole home" },
          "base_price": [320, 520],
          "questions": [
            {
              "id": "main_state",
              "text": { "en": "Is the main switch in the panel ON?" },
              "options": [
                { "value": "on",      "label": { "en": "Yes" }, "delta": [0, 0] },
                { "value": "off",     "label": { "en": "No / it trips (+₪80–₪140)" }, "delta": [80, 140] },
                { "value": "unknown", "label": { "en": "Not sure" }, "delta": [40, 90], "ui": { "silent_delta": true } }
              ]
            },
            {
              "id": "iec",
              "text": { "en": "Checked with the power company (external supply)?" },
              "options": [
                { "value": "done",    "label": { "en": "Yes – fault is inside the home" }, "delta": [0, 0] },
                { "value": "not_yet", "label": { "en": "Not yet checked (+₪30–₪60)" }, "delta": [30, 60] },
                { "value": "unknown", "label": { "en": "Not sure" }, "delta": [30, 60], "ui": { "silent_delta": true } }
              ]
            },
            {
              "id": "urgency",
              "text": { "en": "Urgency" },
              "options": [
                { "value": "normal",  "label": { "en": "Standard hours" }, "delta": [0, 0] },
                { "value": "evening", "label": { "en": "Evening / weekend" }, "multiplier": 1.5 }
              ]
            }
          ]
        },
        {
          "id": "rcd_tripping",
          "label": { "en": "RCD is tripping" },
          "base_price": [300, 500],
          "result_note": { "en": "May require RCD replacement and/or insulation fix." },
          "questions": [
            {
              "id": "immediate",
              "text": { "en": "Does the RCD trip immediately when you turn power on?" },
              "options": [
                { "value": "no",      "label": { "en": "No, only sometimes" }, "delta": [0, 0] },
                { "value": "yes",     "label": { "en": "Yes, immediately (+₪70–₪120)" }, "delta": [70, 120] },
                { "value": "unknown", "label": { "en": "Not sure" }, "delta": [40, 90], "ui": { "silent_delta": true } }
              ]
            },
            {
              "id": "wet",
              "text": { "en": "Any moisture/water in bath/outdoor areas?" },
              "options": [
                { "value": "no",      "label": { "en": "No" }, "delta": [0, 0] },
                { "value": "yes",     "label": { "en": "Yes / likely (+₪50–₪100)" }, "delta": [50, 100] },
                { "value": "unknown", "label": { "en": "Not sure" }, "delta": [30, 70], "ui": { "silent_delta": true } }
              ]
            },
            {
              "id": "urgency",
              "text": { "en": "Urgency" },
              "options": [
                { "value": "normal",  "label": { "en": "Standard hours" }, "delta": [0, 0] },
                { "value": "evening", "label": { "en": "Evening / weekend" }, "multiplier": 1.5 }
              ]
            }
          ]
        }
      ]
    },

    {
      "id": "socket_switch",
      "label": { "en": "Sockets & switches" },
      "subtypes": [
        {
          "id": "replace_socket",
          "label": { "en": "Replace a socket" },
          "base_price": [240, 360],
          "result_note": { "en": "Excludes premium-brand socket – you can choose supply via us if needed." },
          "questions": [
            {
              "id": "qty",
              "text": { "en": "How many sockets?" },
              "options": [
                { "value": "1",      "label": { "en": "One" }, "delta": [0, 0] },
                { "value": "2_3",    "label": { "en": "2–3 (+₪120–₪200)" }, "delta": [120, 200] },
                { "value": "4_plus", "label": { "en": "4 or more (+₪220–₪380)" }, "delta": [220, 380] }
              ]
            },
            {
              "id": "wet",
              "text": { "en": "Wet/outdoor location (IP44+)?" },
              "options": [
                { "value": "no",      "label": { "en": "No" }, "delta": [0, 0] },
                { "value": "yes",     "label": { "en": "Yes – outdoor/bath (+₪60–₪120)" }, "delta": [60, 120] },
                { "value": "unknown", "label": { "en": "Not sure" }, "delta": [40, 80], "ui": { "silent_delta": true } }
              ]
            },
            {
              "id": "supply",
              "text": { "en": "Socket supply" },
              "options": [
                { "value": "client",  "label": { "en": "Provided by me" }, "delta": [0, 0] },
                { "value": "basic",   "label": { "en": "Basic supply (+₪30–₪60)" }, "delta": [30, 60] },
                { "value": "quality", "label": { "en": "Branded/designer (+₪70–₪140)" }, "delta": [70, 140] }
              ]
            }
          ]
        },
        {
          "id": "add_socket_surface",
          "label": { "en": "Add a socket – surface-mounted" },
          "base_price": [320, 520],
          "questions": [
            {
              "id": "length",
              "text": { "en": "Distance from feed (estimate)" },
              "options": [
                { "value": "short",   "label": { "en": "Up to ~2 m" }, "delta": [0, 0] },
                { "value": "medium",  "label": { "en": "2–5 m (+₪80–₪150)" }, "delta": [80, 150] },
                { "value": "long",    "label": { "en": "5–10 m (+₪160–₪280)" }, "delta": [160, 280] },
                { "value": "unknown", "label": { "en": "Not sure" }, "delta": [100, 200], "ui": { "silent_delta": true } }
              ]
            },
            {
              "id": "supply",
              "text": { "en": "Supply of box/trunking/socket" },
              "options": [
                { "value": "client",  "label": { "en": "I will supply" }, "delta": [0, 0] },
                { "value": "yes",     "label": { "en": "Supplied by us (+₪80–₪140)" }, "delta": [80, 140] },
                { "value": "unknown", "label": { "en": "Not sure" }, "delta": [60, 120], "ui": { "silent_delta": true } }
              ]
            }
          ]
        },
        {
          "id": "add_socket_chase",
          "label": { "en": "Add a socket – chased/embedded" },
          "base_price": [380, 700],
          "result_note": { "en": "Includes light chasing and spot repair. Tiles/special materials may increase cost." },
          "questions": [
            {
              "id": "length",
              "text": { "en": "Distance/duct length (estimate)" },
              "options": [
                { "value": "short",   "label": { "en": "Up to ~2 m" }, "delta": [0, 0] },
                { "value": "medium",  "label": { "en": "2–5 m (+₪100–₪180)" }, "delta": [100, 180] },
                { "value": "long",    "label": { "en": "5–10 m (+₪200–₪340)" }, "delta": [200, 340] },
                { "value": "unknown", "label": { "en": "Not sure" }, "delta": [120, 220], "ui": { "silent_delta": true } }
              ]
            },
            {
              "id": "wall",
              "text": { "en": "Wall type" },
              "options": [
                { "value": "gypsum",  "label": { "en": "Drywall/gypsum" }, "delta": [0, 0] },
                { "value": "block",   "label": { "en": "Block/plaster (+₪60–₪110)" }, "delta": [60, 110] },
                { "value": "ceramic", "label": { "en": "Ceramic cladding (+₪120–₪220)" }, "delta": [120, 220] },
                { "value": "unknown", "label": { "en": "Not sure" }, "delta": [80, 160], "ui": { "silent_delta": true } }
              ]
            },
            {
              "id": "supply",
              "text": { "en": "Supply of conduit/box/socket" },
              "options": [
                { "value": "client",  "label": { "en": "I will supply" }, "delta": [0, 0] },
                { "value": "yes",     "label": { "en": "Supplied by us (+₪100–₪180)" }, "delta": [100, 180] },
                { "value": "unknown", "label": { "en": "Not sure" }, "delta": [80, 150], "ui": { "silent_delta": true } }
              ]
            }
          ]
        },
        {
          "id": "replace_switch",
          "label": { "en": "Replace a light switch" },
          "base_price": [200, 320],
          "questions": [
            {
              "id": "gangs",
              "text": { "en": "How many buttons?" },
              "options": [
                { "value": "single",  "label": { "en": "Single-gang" }, "delta": [0, 0] },
                { "value": "double",  "label": { "en": "Double-gang (+₪30–₪60)" }, "delta": [30, 60] },
                { "value": "triple",  "label": { "en": "Triple-gang (+₪60–₪110)" }, "delta": [60, 110] }
              ]
            },
            {
              "id": "supply",
              "text": { "en": "Switch supply" },
              "options": [
                { "value": "client",  "label": { "en": "Provided by me" }, "delta": [0, 0] },
                { "value": "basic",   "label": { "en": "Basic supply (+₪30–₪60)" }, "delta": [30, 60] },
                { "value": "quality", "label": { "en": "Branded/designer (+₪70–₪140)" }, "delta": [70, 140] }
              ]
            }
          ]
        },
        {
          "id": "install_dimmer",
          "label": { "en": "Install a dimmer" },
          "base_price": [260, 420],
          "questions": [
            {
              "id": "led",
              "text": { "en": "LED compatible?" },
              "options": [
                { "value": "yes",     "label": { "en": "Yes / LED compatible" }, "delta": [0, 0] },
                { "value": "no",      "label": { "en": "Standard dimmer" }, "delta": [0, 0] },
                { "value": "unknown", "label": { "en": "Not sure" }, "delta": [20, 40], "ui": { "silent_delta": true } }
              ]
            },
            {
              "id": "supply",
              "text": { "en": "Dimmer supply" },
              "options": [
                { "value": "client",  "label": { "en": "I will supply" }, "delta": [0, 0] },
                { "value": "basic",   "label": { "en": "Basic supply (+₪60–₪100)" }, "delta": [60, 100] },
                { "value": "quality", "label": { "en": "Branded/premium (+₪120–₪200)" }, "delta": [120, 200] }
              ]
            }
          ]
        }
      ]
    },

    {
      "id": "lighting",
      "label": { "en": "Lighting & light fixtures" },
      "subtypes": [
        {
          "id": "replace_fixture",
          "label": { "en": "Replace an existing fixture" },
          "base_price": [180, 320],
          "questions": [
            {
              "id": "qty",
              "text": { "en": "How many fixtures?" },
              "options": [
                { "value": "1",      "label": { "en": "1" }, "delta": [0, 0] },
                { "value": "2_3",    "label": { "en": "2–3 (+₪120–₪200)" }, "delta": [120, 200] },
                { "value": "4_plus", "label": { "en": "4+ (+₪220–₪360)" }, "delta": [220, 360] }
              ]
            },
            {
              "id": "height",
              "text": { "en": "Ceiling height/access" },
              "options": [
                { "value": "std",     "label": { "en": "Standard (up to ~2.8 m)" }, "delta": [0, 0] },
                { "value": "high",    "label": { "en": "High / ladder needed (+₪60–₪120)" }, "delta": [60, 120] },
                { "value": "unknown", "label": { "en": "Not sure" }, "delta": [40, 90], "ui": { "silent_delta": true } }
              ]
            }
          ]
        },
        {
          "id": "chandelier_heavy",
          "label": { "en": "Chandelier / heavy fixture" },
          "base_price": [280, 520],
          "questions": [
            {
              "id": "weight",
              "text": { "en": "Weight/anchoring" },
              "options": [
                { "value": "light",   "label": { "en": "Up to ~5 kg" }, "delta": [0, 0] },
                { "value": "heavy",   "label": { "en": "Heavy / special anchoring (+₪120–₪220)" }, "delta": [120, 220] },
                { "value": "unknown", "label": { "en": "Not sure" }, "delta": [80, 160], "ui": { "silent_delta": true } }
              ]
            },
            {
              "id": "height",
              "text": { "en": "Ceiling height" },
              "options": [
                { "value": "std",     "label": { "en": "Standard" }, "delta": [0, 0] },
                { "value": "high",    "label": { "en": "High (+₪60–₪120)" }, "delta": [60, 120] },
                { "value": "unknown", "label": { "en": "Not sure" }, "delta": [40, 90], "ui": { "silent_delta": true } }
              ]
            }
          ]
        },
        {
          "id": "recessed_spot",
          "label": { "en": "Recessed spots / drywall ceiling" },
          "base_price": [300, 550],
          "result_note": { "en": "Includes connection to an existing point. Extra circuit/transformers – additional cost." },
          "questions": [
            {
              "id": "qty",
              "text": { "en": "How many spots?" },
              "options": [
                { "value": "1",       "label": { "en": "1" }, "delta": [0, 0] },
                { "value": "2_4",     "label": { "en": "2–4 (+₪120–₪220)" }, "delta": [120, 220] },
                { "value": "5_8",     "label": { "en": "5–8 (+₪240–₪420)" }, "delta": [240, 420] },
                { "value": "unknown", "label": { "en": "Not sure" }, "delta": [120, 220], "ui": { "silent_delta": true } }
              ]
            },
            {
              "id": "ceiling",
              "text": { "en": "Ceiling type" },
              "options": [
                { "value": "drywall", "label": { "en": "Drywall/gypsum" }, "delta": [0, 0] },
                { "value": "concrete","label": { "en": "Concrete (+₪120–₪220)" }, "delta": [120, 220] },
                { "value": "unknown", "label": { "en": "Not sure" }, "delta": [80, 150], "ui": { "silent_delta": true } }
              ]
            }
          ]
        },
        {
          "id": "ceiling_fan",
          "label": { "en": "Install a ceiling fan" },
          "base_price": [280, 550],
          "questions": [
            {
              "id": "point",
              "text": { "en": "Is there an existing ceiling power point?" },
              "options": [
                { "value": "yes",     "label": { "en": "Yes" }, "delta": [0, 0] },
                { "value": "no",      "label": { "en": "No – needs preparation (+₪120–₪220)" }, "delta": [120, 220] },
                { "value": "unknown", "label": { "en": "Not sure" }, "delta": [80, 150], "ui": { "silent_delta": true } }
              ]
            },
            {
              "id": "height",
              "text": { "en": "Height/access" },
              "options": [
                { "value": "std",     "label": { "en": "Standard" }, "delta": [0, 0] },
                { "value": "high",    "label": { "en": "High (+₪60–₪120)" }, "delta": [60, 120] },
                { "value": "unknown", "label": { "en": "Not sure" }, "delta": [40, 90], "ui": { "silent_delta": true } }
              ]
            }
          ]
        }
      ]
    },

    {
      "id": "panel",
      "label": { "en": "Electrical panel / breakers" },
      "subtypes": [
        {
          "id": "replace_breaker",
          "label": { "en": "Replace MCB (circuit breaker)" },
          "base_price": [280, 500],
          "questions": [
            {
              "id": "poles",
              "text": { "en": "Breaker type" },
              "options": [
                { "value": "1p",      "label": { "en": "Single-pole" }, "delta": [0, 0] },
                { "value": "3p",      "label": { "en": "Three-pole (+₪100–₪180)" }, "delta": [100, 180] },
                { "value": "unknown", "label": { "en": "Not sure" }, "delta": [60, 120], "ui": { "silent_delta": true } }
              ]
            },
            {
              "id": "brand",
              "text": { "en": "Part/brand level" },
              "options": [
                { "value": "basic",   "label": { "en": "Basic" }, "delta": [0, 0] },
                { "value": "quality", "label": { "en": "Branded/original (+₪60–₪120)" }, "delta": [60, 120] },
                { "value": "unknown", "label": { "en": "Not sure" }, "delta": [40, 90], "ui": { "silent_delta": true } }
              ]
            }
          ]
        },
        {
          "id": "replace_rcd",
          "label": { "en": "Replace RCD (safety switch)" },
          "base_price": [450, 700],
          "questions": [
            {
              "id": "phase",
              "text": { "en": "Single/three phase?" },
              "options": [
                { "value": "1p",      "label": { "en": "Single-phase" }, "delta": [0, 0] },
                { "value": "3p",      "label": { "en": "Three-phase (+₪120–₪200)" }, "delta": [120, 200] },
                { "value": "unknown", "label": { "en": "Not sure" }, "delta": [80, 150], "ui": { "silent_delta": true } }
              ]
            },
            {
              "id": "brand",
              "text": { "en": "Brand" },
              "options": [
                { "value": "basic",   "label": { "en": "Basic" }, "delta": [0, 0] },
                { "value": "quality", "label": { "en": "Branded/original (+₪80–₪150)" }, "delta": [80, 150] },
                { "value": "unknown", "label": { "en": "Not sure" }, "delta": [60, 120], "ui": { "silent_delta": true } }
              ]
            }
          ]
        },
        {
          "id": "add_circuit",
          "label": { "en": "Add a circuit to the panel" },
          "base_price": [450, 900],
          "questions": [
            {
              "id": "length",
              "text": { "en": "Estimated distance to the load" },
              "options": [
                { "value": "short",   "label": { "en": "Up to ~5 m" }, "delta": [0, 0] },
                { "value": "medium",  "label": { "en": "5–15 m (+₪150–₪280)" }, "delta": [150, 280] },
                { "value": "long",    "label": { "en": "Over 15 m (+₪280–₪480)" }, "delta": [280, 480] },
                { "value": "unknown", "label": { "en": "Not sure" }, "delta": [180, 340], "ui": { "silent_delta": true } }
              ]
            },
            {
              "id": "phase",
              "text": { "en": "Single / three phase" },
              "options": [
                { "value": "1p", "label": { "en": "Single-phase" }, "delta": [0, 0] },
                { "value": "3p", "label": { "en": "Three-phase (+₪120–₪220)" }, "delta": [120, 220] }
              ]
            }
          ]
        },
        {
          "id": "replace_panel_single",
          "label": { "en": "Replace panel – single-phase" },
          "base_price": [1200, 2000],
          "result_note": { "en": "Includes a compliant panel with breakers. Testing/utility approvals if required – extra." },
          "questions": [
            {
              "id": "circuits",
              "text": { "en": "How many circuits in the panel?" },
              "options": [
                { "value": "up_to8",  "label": { "en": "Up to 8" }, "delta": [0, 0] },
                { "value": "9_14",    "label": { "en": "9–14 (+₪250–₪450)" }, "delta": [250, 450] },
                { "value": "15_plus", "label": { "en": "15+ (+₪450–₪750)" }, "delta": [450, 750] }
              ]
            },
            {
              "id": "relocate",
              "text": { "en": "Relocate the panel?" },
              "options": [
                { "value": "no",      "label": { "en": "No" }, "delta": [0, 0] },
                { "value": "yes",     "label": { "en": "Yes (+₪300–₪600)" }, "delta": [300, 600] },
                { "value": "unknown", "label": { "en": "Not sure" }, "delta": [200, 400], "ui": { "silent_delta": true } }
              ]
            }
          ]
        },
        {
          "id": "replace_panel_three",
          "label": { "en": "Replace panel – three-phase" },
          "base_price": [2000, 3500],
          "questions": [
            {
              "id": "circuits",
              "text": { "en": "How many circuits in the panel?" },
              "options": [
                { "value": "up_to12", "label": { "en": "Up to 12" }, "delta": [0, 0] },
                { "value": "13_20",   "label": { "en": "13–20 (+₪300–₪600)" }, "delta": [300, 600] },
                { "value": "21_plus", "label": { "en": "21+ (+₪600–₪1000)" }, "delta": [600, 1000] }
              ]
            },
            {
              "id": "relocate",
              "text": { "en": "Relocate the panel?" },
              "options": [
                { "value": "no",      "label": { "en": "No" }, "delta": [0, 0] },
                { "value": "yes",     "label": { "en": "Yes (+₪400–₪800)" }, "delta": [400, 800] },
                { "value": "unknown", "label": { "en": "Not sure" }, "delta": [300, 600], "ui": { "silent_delta": true } }
              ]
            }
          ]
        }
      ]
    },

    {
      "id": "dedicated_line",
      "label": { "en": "Dedicated line / power outlet" },
      "subtypes": [
        {
          "id": "ac_line",
          "label": { "en": "Line for A/C or power outlet" },
          "base_price": [600, 900],
          "result_note": { "en": "Includes MCB and power outlet. Length/route may increase price." },
          "questions": [
            {
              "id": "length",
              "text": { "en": "Estimated distance from the consumer panel" },
              "options": [
                { "value": "short",   "label": { "en": "Up to 5 m" }, "delta": [0, 0] },
                { "value": "medium",  "label": { "en": "5–15 m (+₪180–₪320)" }, "delta": [180, 320] },
                { "value": "long",    "label": { "en": "Over 15 m (+₪320–₪520)" }, "delta": [320, 520] },
                { "value": "unknown", "label": { "en": "Not sure" }, "delta": [220, 380], "ui": { "silent_delta": true } }
              ]
            },
            {
              "id": "phase",
              "text": { "en": "Single/three-phase (if required)" },
              "options": [
                { "value": "1p", "label": { "en": "Single-phase" }, "delta": [0, 0] },
                { "value": "3p", "label": { "en": "Three-phase (+₪180–₪320)" }, "delta": [180, 320] }
              ]
            }
          ]
        },
        {
          "id": "oven_line",
          "label": { "en": "Oven line" },
          "base_price": [600, 900],
          "questions": [
            {
              "id": "length",
              "text": { "en": "Distance / route" },
              "options": [
                { "value": "short",   "label": { "en": "Up to 5 m" }, "delta": [0, 0] },
                { "value": "medium",  "label": { "en": "5–15 m (+₪160–₪300)" }, "delta": [160, 300] },
                { "value": "long",    "label": { "en": "Over 15 m (+₪300–₪480)" }, "delta": [300, 480] },
                { "value": "unknown", "label": { "en": "Not sure" }, "delta": [200, 360], "ui": { "silent_delta": true } }
              ]
            },
            {
              "id": "socket",
              "text": { "en": "Power socket included?" },
              "options": [
                { "value": "client",  "label": { "en": "Provided by me" }, "delta": [0, 0] },
                { "value": "supply",  "label": { "en": "Supply + install (+₪120–₪200)" }, "delta": [120, 200] },
                { "value": "unknown", "label": { "en": "Not sure" }, "delta": [80, 150], "ui": { "silent_delta": true } }
              ]
            }
          ]
        },
        {
          "id": "induction_line",
          "label": { "en": "Induction cooktop line" },
          "base_price": [900, 1400],
          "result_note": { "en": "Often requires three-phase and larger conductors." },
          "questions": [
            {
              "id": "phase",
              "text": { "en": "Single / three-phase" },
              "options": [
                { "value": "1p", "label": { "en": "Single-phase" }, "delta": [0, 0] },
                { "value": "3p", "label": { "en": "Three-phase (+₪250–₪420)" }, "delta": [250, 420] }
              ]
            },
            {
              "id": "length",
              "text": { "en": "Distance / route" },
              "options": [
                { "value": "short",   "label": { "en": "Up to 5 m" }, "delta": [0, 0] },
                { "value": "medium",  "label": { "en": "5–15 m (+₪200–₪360)" }, "delta": [200, 360] },
                { "value": "long",    "label": { "en": "Over 15 m (+₪360–₪600)" }, "delta": [360, 600] }
              ]
            }
          ]
        },
        {
          "id": "dryer_line",
          "label": { "en": "Dryer line" },
          "base_price": [500, 800],
          "questions": [
            {
              "id": "length",
              "text": { "en": "Distance from panel/feed point" },
              "options": [
                { "value": "short",  "label": { "en": "Up to 5 m" }, "delta": [0, 0] },
                { "value": "medium", "label": { "en": "5–15 m (+₪140–₪260)" }, "delta": [140, 260] },
                { "value": "long",   "label": { "en": "Over 15 m (+₪260–₪420)" }, "delta": [260, 420] }
              ]
            }
          ]
        },
        {
          "id": "ev_prep",
          "label": { "en": "EV charger preparation (without the charger)" },
          "base_price": [1500, 2500],
          "result_note": { "en": "Price includes labor and basic cable/protection. Does not include the charger unit or utility approvals." },
          "questions": [
            {
              "id": "length",
              "text": { "en": "Cable route length" },
              "options": [
                { "value": "up_to10", "label": { "en": "Up to 10 m" }, "delta": [0, 0] },
                { "value": "10_25",   "label": { "en": "10–25 m (+₪600–₪1200)" }, "delta": [600, 1200] },
                { "value": "25_plus", "label": { "en": "Over 25 m (+₪1200–₪2500)" }, "delta": [1200, 2500] }
              ]
            },
            {
              "id": "phase",
              "text": { "en": "Single / three-phase" },
              "options": [
                { "value": "1p", "label": { "en": "Single-phase" }, "delta": [0, 0] },
                { "value": "3p", "label": { "en": "Three-phase (+₪300–₪600)" }, "delta": [300, 600] }
              ]
            }
          ]
        }
      ]
    },

    {
      "id": "water_heater_electric",
      "label": { "en": "Water heater – switch/timer" },
      "subtypes": [
        {
          "id": "switch_replace",
          "label": { "en": "Replace water-heater switch" },
          "base_price": [220, 360],
          "questions": [
            {
              "id": "type",
              "text": { "en": "Switch type" },
              "options": [
                { "value": "regular",     "label": { "en": "Regular" }, "delta": [0, 0] },
                { "value": "illuminated", "label": { "en": "With indicator light (+₪20–₪40)" }, "delta": [20, 40] },
                { "value": "unknown",     "label": { "en": "Not sure" }, "delta": [20, 40], "ui": { "silent_delta": true } }
              ]
            }
          ]
        },
        {
          "id": "timer_install",
          "label": { "en": "Install a timer for the water heater" },
          "base_price": [300, 500],
          "questions": [
            {
              "id": "supply",
              "text": { "en": "Timer supply" },
              "options": [
                { "value": "client",  "label": { "en": "Provided by me" }, "delta": [0, 0] },
                { "value": "basic",   "label": { "en": "Basic supply (+₪120–₪200)" }, "delta": [120, 200] },
                { "value": "quality", "label": { "en": "Branded/premium (+₪200–₪320)" }, "delta": [200, 320] }
              ]
            }
          ]
        }
      ]
    },

    {
      "id": "doorbell_intercom",
      "label": { "en": "Doorbell / intercom" },
      "subtypes": [
        {
          "id": "doorbell",
          "label": { "en": "Doorbell" },
          "base_price": [220, 360],
          "questions": [
            {
              "id": "type",
              "text": { "en": "Wired / wireless" },
              "options": [
                { "value": "wired",    "label": { "en": "Wired" }, "delta": [0, 0] },
                { "value": "wireless", "label": { "en": "Wireless (+₪20–₪40)" }, "delta": [20, 40] },
                { "value": "unknown",  "label": { "en": "Not sure" }, "delta": [20, 40], "ui": { "silent_delta": true } }
              ]
            },
            {
              "id": "length",
              "text": { "en": "Estimated wiring distance" },
              "options": [
                { "value": "short",   "label": { "en": "Up to 5 m" }, "delta": [0, 0] },
                { "value": "medium",  "label": { "en": "5–15 m (+₪60–₪110)" }, "delta": [60, 110] },
                { "value": "long",    "label": { "en": "Over 15 m (+₪120–₪200)" }, "delta": [120, 200] }
              ]
            }
          ]
        },
        {
          "id": "intercom",
          "label": { "en": "Home intercom" },
          "base_price": [300, 500],
          "questions": [
            {
              "id": "issue",
              "text": { "en": "What is required?" },
              "options": [
                { "value": "repair",  "label": { "en": "Repair/connection" }, "delta": [0, 0] },
                { "value": "replace", "label": { "en": "Full replacement (+₪180–₪320)" }, "delta": [180, 320] },
                { "value": "unknown", "label": { "en": "Not sure" }, "delta": [100, 200], "ui": { "silent_delta": true } }
              ]
            }
          ]
        }
      ]
    },

    {
      "id": "smart_home",
      "label": { "en": "Smart home (switch/relay)" },
      "subtypes": [
        {
          "id": "smart_switch",
          "label": { "en": "Smart switch" },
          "base_price": [260, 420],
          "questions": [
            {
              "id": "gangs",
              "text": { "en": "How many units/buttons?" },
              "options": [
                { "value": "single", "label": { "en": "1" }, "delta": [0, 0] },
                { "value": "double", "label": { "en": "2 (+₪30–₪60)" }, "delta": [30, 60] },
                { "value": "triple", "label": { "en": "3 (+₪60–₪110)" }, "delta": [60, 110] }
              ]
            },
            {
              "id": "neutral",
              "text": { "en": "Is there a neutral (N) in the box?" },
              "options": [
                { "value": "yes",     "label": { "en": "Yes" }, "delta": [0, 0] },
                { "value": "no",      "label": { "en": "No – solution required (+₪100–₪180)" }, "delta": [100, 180] },
                { "value": "unknown", "label": { "en": "Not sure" }, "delta": [60, 120], "ui": { "silent_delta": true } }
              ]
            }
          ]
        },
        {
          "id": "smart_relay",
          "label": { "en": "Smart relay behind a switch" },
          "base_price": [260, 420],
          "questions": [
            {
              "id": "space",
              "text": { "en": "Enough depth/space in the box?" },
              "options": [
                { "value": "ok",      "label": { "en": "Yes" }, "delta": [0, 0] },
                { "value": "tight",   "label": { "en": "Tight – box extension (+₪80–₪150)" }, "delta": [80, 150] },
                { "value": "unknown", "label": { "en": "Not sure" }, "delta": [60, 120], "ui": { "silent_delta": true } }
              ]
            }
          ]
        }
      ]
    },

    {
      "id": "inspection",
      "label": { "en": "Inspection / electrician report" },
      "subtypes": [
        {
          "id": "test_report",
          "label": { "en": "Full inspection + report" },
          "base_price": [600, 1000],
          "questions": [
            {
              "id": "apt_size",
              "text": { "en": "Apartment size (rooms)" },
              "options": [
                { "value": "1_3",    "label": { "en": "Up to 3" }, "delta": [0, 0] },
                { "value": "4_5",    "label": { "en": "4–5 (+₪120–₪220)" }, "delta": [120, 220] },
                { "value": "6_plus", "label": { "en": "6+ (+₪220–₪380)" }, "delta": [220, 380] }
              ]
            }
          ]
        },
        {
          "id": "ground_only",
          "label": { "en": "Earthing/ground test only" },
          "base_price": [300, 500],
          "questions": [
            {
              "id": "access",
              "text": { "en": "Access to panel/test points" },
              "options": [
                { "value": "easy",    "label": { "en": "Easy" }, "delta": [0, 0] },
                { "value": "hard",    "label": { "en": "Limited (+₪60–₪120)" }, "delta": [60, 120] },
                { "value": "unknown", "label": { "en": "Not sure" }, "delta": [40, 90], "ui": { "silent_delta": true } }
              ]
            }
          ]
        }
      ]
    }
  ]
}
