{
  "category": "painting",
  "base_price": [150, 300],
  "result_note": {
    "en": "Ranges are estimates based on common painting jobs. The final price is determined on site according to scope, existing condition, access/height, selected materials, and any related coordination."
  },
  "jobs": [
    {
      "id": "interior_paint",
      "label": { "en": "Interior painting – walls/ceilings" },
      "result_note": { "en": "Includes basic surface preparation; significant skim-coat repairs are priced in the questions." },
      "subtypes": [
        {
          "id": "single_room",
          "label": { "en": "Single room" },
          "base_price": [400, 900],
          "questions": [
            {
              "id": "size",
              "text": { "en": "Approximate room size" },
              "options": [
                { "value": "small",   "label": { "en": "Small (up to ~8 m²)" },                         "delta": [0, 0] },
                { "value": "medium",  "label": { "en": "Medium (9–12 m²) (+₪120–₪220)" },               "delta": [120, 220] },
                { "value": "large",   "label": { "en": "Large (13–18 m²) (+₪220–₪420)" },               "delta": [220, 420] },
                { "value": "unknown", "label": { "en": "Not sure" },                                    "delta": [120, 220], "ui": { "silent_delta": true } }
              ]
            },
            {
              "id": "condition",
              "text": { "en": "Wall condition" },
              "options": [
                { "value": "light",   "label": { "en": "Light touch-ups / refresh" },                   "delta": [0, 0] },
                { "value": "medium",  "label": { "en": "Cracks / moderate repairs (+₪150–₪300)" },      "delta": [150, 300] },
                { "value": "heavy",   "label": { "en": "Extensive skim / leveling (+₪450–₪800)" },       "delta": [450, 800] },
                { "value": "unknown", "label": { "en": "Not sure (+₪150–₪300)" },                       "delta": [150, 300] }
              ]
            },
            {
              "id": "paint",
              "text": { "en": "Paint type" },
              "options": [
                { "value": "standard", "label": { "en": "Standard acrylic" },                           "delta": [0, 0] },
                { "value": "premium",  "label": { "en": "Washable / premium (+₪60–₪140)" },             "delta": [60, 140] },
                { "value": "anti_mold","label": { "en": "Anti-mold (bath/WC) (+₪80–₪160)" },            "delta": [80, 160] },
                { "value": "unknown",  "label": { "en": "Not sure" },                                   "delta": [60, 140], "ui": { "silent_delta": true } }
              ]
            },
            {
              "id": "furniture",
              "text": { "en": "Furniture / covering" },
              "options": [
                { "value": "empty",    "label": { "en": "Room is empty" },                              "delta": [0, 0] },
                { "value": "furnished","label": { "en": "Furnished – covering & moving (+₪100–₪220)" }, "delta": [100, 220] },
                { "value": "unknown",  "label": { "en": "Not sure (+₪80–₪160)" },                       "delta": [80, 160] }
              ]
            },
            {
              "id": "height",
              "text": { "en": "Ceiling height" },
              "options": [
                { "value": "standard", "label": { "en": "Up to ~2.8 m" },                               "delta": [0, 0] },
                { "value": "high",     "label": { "en": "High/mezzanine (+₪120–₪240)" },                "delta": [120, 240] },
                { "value": "unknown",  "label": { "en": "Not sure" },                                   "delta": [60, 120], "ui": { "silent_delta": true } }
              ]
            },
            {
              "id": "urgency",
              "text": { "en": "Urgency / working time" },
              "options": [
                { "value": "normal",   "label": { "en": "Business hours" },                             "delta": [0, 0] },
                { "value": "evening",  "label": { "en": "Evening / weekend" },                          "multiplier": 1.5 }
              ]
            }
          ]
        },
        {
          "id": "living_room",
          "label": { "en": "Living room / main space" },
          "base_price": [700, 1400],
          "questions": [
            {
              "id": "area",
              "text": { "en": "Space size" },
              "options": [
                { "value": "small",   "label": { "en": "Small (up to ~15 m²)" },                        "delta": [0, 0] },
                { "value": "medium",  "label": { "en": "Medium (16–25 m²) (+₪200–₪400)" },              "delta": [200, 400] },
                { "value": "large",   "label": { "en": "Large (26–40 m²) (+₪500–₪900)" },               "delta": [500, 900] },
                { "value": "unknown", "label": { "en": "Not sure" },                                    "delta": [200, 400], "ui": { "silent_delta": true } }
              ]
            },
            {
              "id": "condition",
              "text": { "en": "Walls/ceiling condition" },
              "options": [
                { "value": "light",   "label": { "en": "Light repairs" },                               "delta": [0, 0] },
                { "value": "medium",  "label": { "en": "Cracks / moderate repairs (+₪200–₪380)" },      "delta": [200, 380] },
                { "value": "heavy",   "label": { "en": "Extensive skim / leveling (+₪700–₪1,200)" },     "delta": [700, 1200] },
                { "value": "unknown", "label": { "en": "Not sure (+₪200–₪380)" },                       "delta": [200, 380] }
              ]
            },
            {
              "id": "colors",
              "text": { "en": "Number of colors/shades" },
              "options": [
                { "value": "single",  "label": { "en": "Single shade" },                                "delta": [0, 0] },
                { "value": "multi",   "label": { "en": "Multiple shades/separations (+₪150–₪300)" },    "delta": [150, 300] },
                { "value": "unknown", "label": { "en": "Not sure (+₪120–₪240)" },                       "delta": [120, 240] }
              ]
            },
            {
              "id": "urgency",
              "text": { "en": "Urgency / working time" },
              "options": [
                { "value": "normal",  "label": { "en": "Business hours" },                              "delta": [0, 0] },
                { "value": "evening", "label": { "en": "Evening / weekend" },                           "multiplier": 1.5 }
              ]
            }
          ]
        },
        {
          "id": "full_apartment",
          "label": { "en": "Whole apartment (walls/ceilings – white/standard)" },
          "base_price": [1500, 2500],
          "questions": [
            {
              "id": "rooms",
              "text": { "en": "Apartment size (rooms/area)" },
              "options": [
                { "value": "2r_~60",   "label": { "en": "Up to 2 rooms / ~60 m²" },                    "delta": [0, 0] },
                { "value": "3r_80",    "label": { "en": "3 rooms / ~80 m² (+₪500–₪900)" },             "delta": [500, 900] },
                { "value": "4r_100",   "label": { "en": "4 rooms / ~100 m² (+₪900–₪1,500)" },          "delta": [900, 1500] },
                { "value": "5r_130",   "label": { "en": "5 rooms / ~130 m² (+₪1,500–₪2,300)" },        "delta": [1500, 2300] },
                { "value": "6r_160",   "label": { "en": "6 rooms / ~160 m² (+₪2,300–₪3,500)" },        "delta": [2300, 3500] },
                { "value": "gt_160",   "label": { "en": "Above ~160 m² (+₪3,500–₪6,000)" },            "delta": [3500, 6000] }
              ]
            },
            {
              "id": "condition",
              "text": { "en": "Walls/ceiling condition across the apartment" },
              "options": [
                { "value": "light",   "label": { "en": "Good / light repairs" },                       "delta": [0, 0] },
                { "value": "medium",  "label": { "en": "Moderate repairs (+₪400–₪800)" },              "delta": [400, 800] },
                { "value": "heavy",   "label": { "en": "Wide skim / leveling (+₪2,500–₪5,000)" },      "delta": [2500, 5000] },
                { "value": "unknown", "label": { "en": "Not sure (+₪800–₪1,500)" },                    "delta": [800, 1500] }
              ]
            },
            {
              "id": "wet_rooms",
              "text": { "en": "Bathrooms/WC – anti-mold paint" },
              "options": [
                { "value": "no",      "label": { "en": "No" },                                         "delta": [0, 0] },
                { "value": "yes",     "label": { "en": "Yes (dedicated material) (+₪200–₪400)" },      "delta": [200, 400] },
                { "value": "unknown", "label": { "en": "Not sure" },                                   "delta": [150, 300], "ui": { "silent_delta": true } }
              ]
            },
            {
              "id": "furniture",
              "text": { "en": "Apartment empty or occupied" },
              "options": [
                { "value": "empty",    "label": { "en": "Empty" },                                     "delta": [0, 0] },
                { "value": "furnished","label": { "en": "Occupied – coverings/moving (+₪300–₪700)" },  "delta": [300, 700] },
                { "value": "unknown",  "label": { "en": "Not sure (+₪250–₪500)" },                     "delta": [250, 500] }
              ]
            },
            {
              "id": "urgency",
              "text": { "en": "Urgency / working time" },
              "options": [
                { "value": "normal",  "label": { "en": "Business hours" },                             "delta": [0, 0] },
                { "value": "evening", "label": { "en": "Evening / weekend" },                          "multiplier": 1.5 }
              ]
            }
          ]
        },
        {
          "id": "ceiling_only",
          "label": { "en": "Ceiling only" },
          "base_price": [200, 350],
          "questions": [
            {
              "id": "area",
              "text": { "en": "Ceiling size" },
              "options": [
                { "value": "small",   "label": { "en": "Small room (up to 12 m²)" },                   "delta": [0, 0] },
                { "value": "medium",  "label": { "en": "Regular room (13–20 m²) (+₪80–₪140)" },        "delta": [80, 140] },
                { "value": "large",   "label": { "en": "Large (21–35 m²) (+₪160–₪260)" },              "delta": [160, 260] },
                { "value": "hall",    "label": { "en": "Open space / large living room (+₪260–₪420)" }, "delta": [260, 420] },
                { "value": "unknown", "label": { "en": "Not sure" },                                   "delta": [120, 220], "ui": { "silent_delta": true } }
              ]
            },
            {
              "id": "mold",
              "text": { "en": "Ceiling with mold/stains?" },
              "options": [
                { "value": "no",      "label": { "en": "No" },                                         "delta": [0, 0] },
                { "value": "yes",     "label": { "en": "Yes – treatment/primer (+₪120–₪240)" },        "delta": [120, 240] },
                { "value": "unknown", "label": { "en": "Not sure (+₪100–₪200)" },                      "delta": [100, 200] }
              ]
            }
          ]
        }
      ]
    },

    {
      "id": "doors_wood",
      "label": { "en": "Doors / woodworking paint" },
      "subtypes": [
        {
          "id": "single_door",
          "label": { "en": "Single wooden/painted door" },
          "base_price": [250, 450],
          "questions": [
            {
              "id": "sides",
              "text": { "en": "How many sides to paint?" },
              "options": [
                { "value": "one",     "label": { "en": "One side" },                                   "delta": [0, 0] },
                { "value": "both",    "label": { "en": "Both sides (+₪80–₪150)" },                     "delta": [80, 150] },
                { "value": "unknown", "label": { "en": "Not sure (+₪60–₪120)" },                       "delta": [60, 120] }
              ]
            },
            {
              "id": "prep",
              "text": { "en": "Preparation/sanding/old paint removal" },
              "options": [
                { "value": "light",   "label": { "en": "Light" },                                      "delta": [0, 0] },
                { "value": "medium",  "label": { "en": "Moderate (+₪120–₪200)" },                      "delta": [120, 200] },
                { "value": "heavy",   "label": { "en": "Heavy/stripping (+₪200–₪350)" },               "delta": [200, 350] },
                { "value": "unknown", "label": { "en": "Not sure" },                                   "delta": [120, 200], "ui": { "silent_delta": true } }
              ]
            },
            {
              "id": "hardware",
              "text": { "en": "Remove/reinstall hardware (handles/hinges)" },
              "options": [
                { "value": "no",      "label": { "en": "No" },                                         "delta": [0, 0] },
                { "value": "yes",     "label": { "en": "Yes (+₪50–₪120)" },                            "delta": [50, 120] },
                { "value": "unknown", "label": { "en": "Not sure" },                                   "delta": [40, 100], "ui": { "silent_delta": true } }
              ]
            }
          ]
        },
        {
          "id": "multiple_doors",
          "label": { "en": "Multiple doors (quantity)" },
          "base_price": [250, 450],
          "questions": [
            {
              "id": "qty",
              "text": { "en": "How many doors?" },
              "options": [
                { "value": "one",    "label": { "en": "1" },   "multiplier": 1.0 },
                { "value": "two",    "label": { "en": "2" },   "multiplier": 2.0 },
                { "value": "three4", "label": { "en": "3–4" }, "multiplier": 3.5 },
                { "value": "five6",  "label": { "en": "5–6" }, "multiplier": 5.0 },
                { "value": "gt6",    "label": { "en": "More than 6" }, "multiplier": 6.5 }
              ]
            },
            {
              "id": "finish",
              "text": { "en": "Finish / paint type" },
              "options": [
                { "value": "acrylic", "label": { "en": "Acrylic / water-based" },                      "delta": [0, 0] },
                { "value": "poly",    "label": { "en": "Polyurethane / varnish (+₪80–₪160)" },         "delta": [80, 160] },
                { "value": "unknown", "label": { "en": "Not sure" },                                   "delta": [60, 120], "ui": { "silent_delta": true } }
              ]
            }
          ]
        }
      ]
    },

    {
      "id": "metalwork",
      "label": { "en": "Metal painting – bars/railings/gate" },
      "subtypes": [
        {
          "id": "railings",
          "label": { "en": "Railings / bars" },
          "base_price": [400, 700],
          "questions": [
            {
              "id": "length",
              "text": { "en": "Estimated length" },
              "options": [
                { "value": "1_3m",   "label": { "en": "1–3 m" },        "multiplier": 1.0 },
                { "value": "4_7m",   "label": { "en": "4–7 m" },        "multiplier": 2.0 },
                { "value": "8_12m",  "label": { "en": "8–12 m" },       "multiplier": 3.0 },
                { "value": "gt12m",  "label": { "en": "More than 12 m" }, "multiplier": 4.0 }
              ]
            },
            {
              "id": "condition",
              "text": { "en": "Condition / rust" },
              "options": [
                { "value": "good",    "label": { "en": "Relatively good" },                            "delta": [0, 0] },
                { "value": "rust",    "label": { "en": "Requires thorough rust treatment (+₪150–₪300)" }, "delta": [150, 300] },
                { "value": "unknown", "label": { "en": "Not sure (+₪100–₪220)" },                      "delta": [100, 220] }
              ]
            },
            {
              "id": "access",
              "text": { "en": "Access / height" },
              "options": [
                { "value": "easy",    "label": { "en": "Accessible" },                                 "delta": [0, 0] },
                { "value": "height",  "label": { "en": "Height / ladder / scaffolding (+₪200–₪450)" }, "delta": [200, 450] },
                { "value": "unknown", "label": { "en": "Not sure" },                                   "delta": [150, 300], "ui": { "silent_delta": true } }
              ]
            }
          ]
        },
        {
          "id": "gate",
          "label": { "en": "Metal gate / fence" },
          "base_price": [500, 900],
          "questions": [
            {
              "id": "area",
              "text": { "en": "Approx. area/length" },
              "options": [
                { "value": "small",   "label": { "en": "Small" },                                     "delta": [0, 0] },
                { "value": "medium",  "label": { "en": "Medium (+₪250–₪450)" },                       "delta": [250, 450] },
                { "value": "large",   "label": { "en": "Large (+₪500–₪900)" },                        "delta": [500, 900] },
                { "value": "unknown", "label": { "en": "Not sure" },                                  "delta": [250, 450], "ui": { "silent_delta": true } }
              ]
            },
            {
              "id": "system",
              "text": { "en": "Coating system" },
              "options": [
                { "value": "basic",   "label": { "en": "Primer + 2 coats" },                           "delta": [0, 0] },
                { "value": "premium", "label": { "en": "Upgraded anti-rust system (+₪180–₪320)" },     "delta": [180, 320] },
                { "value": "unknown", "label": { "en": "Not sure" },                                   "delta": [120, 240], "ui": { "silent_delta": true } }
              ]
            }
          ]
        }
      ]
    },

    {
      "id": "exterior",
      "label": { "en": "Exterior painting – façade/exterior walls" },
      "subtypes": [
        {
          "id": "facade_house",
          "label": { "en": "Façade of private/semi-detached house" },
          "base_price": [2500, 4500],
          "result_note": { "en": "The quote usually includes substrate preparation, washing/repairs, and scaffolding if required (extra)." },
          "questions": [
            {
              "id": "area",
              "text": { "en": "Estimated façade area" },
              "options": [
                { "value": "lt80",    "label": { "en": "Up to ~80 m²" },                               "delta": [0, 0] },
                { "value": "80_140",  "label": { "en": "80–140 m² (+₪1,000–₪2,000)" },                 "delta": [1000, 2000] },
                { "value": "141_220", "label": { "en": "141–220 m² (+₪2,000–₪3,800)" },                "delta": [2000, 3800] },
                { "value": "gt220",   "label": { "en": "Over 220 m² (+₪3,800–₪6,500)" },               "delta": [3800, 6500] }
              ]
            },
            {
              "id": "scaffold",
              "text": { "en": "Scaffolding / lift required?" },
              "options": [
                { "value": "no",      "label": { "en": "No" },                                         "delta": [0, 0] },
                { "value": "yes",     "label": { "en": "Yes (rental/assembly) (+₪2,000–₪6,000)" },     "delta": [2000, 6000] },
                { "value": "unknown", "label": { "en": "Not sure" },                                   "delta": [1500, 4500], "ui": { "silent_delta": true } }
              ]
            },
            {
              "id": "cracks",
              "text": { "en": "Crack/plaster repairs" },
              "options": [
                { "value": "minor",   "label": { "en": "Minor" },                                      "delta": [0, 0] },
                { "value": "medium",  "label": { "en": "Moderate (+₪800–₪1,500)" },                    "delta": [800, 1500] },
                { "value": "major",   "label": { "en": "Significant (+₪1,500–₪2,800)" },               "delta": [1500, 2800] },
                { "value": "unknown", "label": { "en": "Not sure (+₪800–₪1,500)" },                    "delta": [800, 1500] }
              ]
            },
            {
              "id": "paint",
              "text": { "en": "Coating system" },
              "options": [
                { "value": "acrylic", "label": { "en": "Acrylic (exterior)" },                         "delta": [0, 0] },
                { "value": "silicone","label": { "en": "Silicone / water-repellent (+₪500–₪1,500)" },  "delta": [500, 1500] },
                { "value": "unknown", "label": { "en": "Not sure" },                                   "delta": [400, 900], "ui": { "silent_delta": true } }
              ]
            },
            {
              "id": "urgency",
              "text": { "en": "Urgency / working time" },
              "options": [
                { "value": "normal",  "label": { "en": "Business hours" },                             "delta": [0, 0] },
                { "value": "evening", "label": { "en": "Evening / weekend" },                          "multiplier": 1.5 }
              ]
            }
          ]
        }
      ]
    },

    {
      "id": "plaster_skim",
      "label": { "en": "Plaster/skim repairs and paint prep" },
      "subtypes": [
        {
          "id": "skim_room",
          "label": { "en": "Room wall smoothing" },
          "base_price": [900, 1600],
          "questions": [
            {
              "id": "size",
              "text": { "en": "Room size" },
              "options": [
                { "value": "small",   "label": { "en": "Small" },                                     "delta": [0, 0] },
                { "value": "medium",  "label": { "en": "Medium (+₪250–₪450)" },                       "delta": [250, 450] },
                { "value": "large",   "label": { "en": "Large (+₪450–₪800)" },                        "delta": [450, 800] },
                { "value": "unknown", "label": { "en": "Not sure" },                                  "delta": [250, 450], "ui": { "silent_delta": true } }
              ]
            },
            {
              "id": "severity",
              "text": { "en": "Level of smoothing work" },
              "options": [
                { "value": "light",   "label": { "en": "Spot/light" },                                "delta": [0, 0] },
                { "value": "medium",  "label": { "en": "Moderate (+₪300–₪600)" },                     "delta": [300, 600] },
                { "value": "heavy",   "label": { "en": "Full/extensive (+₪700–₪1,200)" },             "delta": [700, 1200] },
                { "value": "unknown", "label": { "en": "Not sure" },                                  "delta": [300, 600], "ui": { "silent_delta": true } }
              ]
            },
            {
              "id": "primer",
              "text": { "en": "Primer/base before paint" },
              "options": [
                { "value": "no",      "label": { "en": "No" },                                        "delta": [0, 0] },
                { "value": "yes",     "label": { "en": "Yes (+₪120–₪220)" },                          "delta": [120, 220] },
                { "value": "unknown", "label": { "en": "Not sure" },                                  "delta": [100, 200], "ui": { "silent_delta": true } }
              ]
            }
          ]
        },
        {
          "id": "patches",
          "label": { "en": "Spot plaster/skim repairs" },
          "base_price": [200, 350],
          "questions": [
            {
              "id": "qty",
              "text": { "en": "Number of repairs" },
              "options": [
                { "value": "few",     "label": { "en": "1–3 spots (+₪100–₪180)" },                    "delta": [100, 180] },
                { "value": "some",    "label": { "en": "4–8 spots (+₪200–₪320)" },                    "delta": [200, 320] },
                { "value": "many",    "label": { "en": "9–15 spots (+₪350–₪600)" },                   "delta": [350, 600] },
                { "value": "unknown", "label": { "en": "Not sure" },                                  "delta": [200, 320], "ui": { "silent_delta": true } }
              ]
            },
            {
              "id": "height",
              "text": { "en": "Height/access" },
              "options": [
                { "value": "normal",  "label": { "en": "Regular" },                                   "delta": [0, 0] },
                { "value": "high",    "label": { "en": "High / ladder (+₪80–₪150)" },                 "delta": [80, 150] },
                { "value": "unknown", "label": { "en": "Not sure" },                                  "delta": [60, 120], "ui": { "silent_delta": true } }
              ]
            }
          ]
        }
      ]
    },

    {
      "id": "mold_treatment",
      "label": { "en": "Mold treatment / bathroom paint" },
      "subtypes": [
        {
          "id": "bath_ceiling",
          "label": { "en": "Bathroom/WC ceiling" },
          "base_price": [250, 420],
          "questions": [
            {
              "id": "size",
              "text": { "en": "Approximate size" },
              "options": [
                { "value": "small",   "label": { "en": "Small" },                                      "delta": [0, 0] },
                { "value": "medium",  "label": { "en": "Medium (+₪60–₪110)" },                         "delta": [60, 110] },
                { "value": "large",   "label": { "en": "Large (+₪110–₪200)" },                         "delta": [110, 200] },
                { "value": "unknown", "label": { "en": "Not sure" },                                   "delta": [80, 150], "ui": { "silent_delta": true } }
              ]
            },
            {
              "id": "treatment",
              "text": { "en": "Treatment level" },
              "options": [
                { "value": "wash",     "label": { "en": "Wash/clean mold" },                           "delta": [0, 0] },
                { "value": "primer",   "label": { "en": "Primer/anti-mold (+₪120–₪240)" },             "delta": [120, 240] },
                { "value": "sealer",   "label": { "en": "Local sealing / sealer coat (+₪160–₪300)" },  "delta": [160, 300] },
                { "value": "unknown",  "label": { "en": "Not sure" },                                  "delta": [120, 240], "ui": { "silent_delta": true } }
              ]
            }
          ]
        },
        {
          "id": "room_mold",
          "label": { "en": "Room with wall mold" },
          "base_price": [400, 700],
          "questions": [
            {
              "id": "extent",
              "text": { "en": "Extent of mold" },
              "options": [
                { "value": "wall",     "label": { "en": "One wall" },                                  "delta": [0, 0] },
                { "value": "two_walls","label": { "en": "Two walls (+₪150–₪300)" },                    "delta": [150, 300] },
                { "value": "multi",    "label": { "en": "Multiple walls (+₪300–₪550)" },               "delta": [300, 550] },
                { "value": "unknown",  "label": { "en": "Not sure" },                                  "delta": [150, 300], "ui": { "silent_delta": true } }
              ]
            },
            {
              "id": "cause",
              "text": { "en": "Likely cause" },
              "options": [
                { "value": "condense", "label": { "en": "Condensation/ventilation" },                  "delta": [0, 0] },
                { "value": "leak",     "label": { "en": "Dampness/leak (needs repair) (+₪200–₪400)" }, "delta": [200, 400] },
                { "value": "unknown",  "label": { "en": "Not sure" },                                  "delta": [120, 240], "ui": { "silent_delta": true } }
              ]
            }
          ]
        }
      ]
    },

    {
      "id": "epoxy_floor",
      "label": { "en": "Concrete floor epoxy coating" },
      "subtypes": [
        {
          "id": "parking_small",
          "label": { "en": "Small parking/storage" },
          "base_price": [900, 1500],
          "questions": [
            {
              "id": "area",
              "text": { "en": "Approximate area" },
              "options": [
                { "value": "10_20",   "label": { "en": "10–20 m²" },                                   "delta": [0, 0] },
                { "value": "21_40",   "label": { "en": "21–40 m² (+₪400–₪700)" },                      "delta": [400, 700] },
                { "value": "41_60",   "label": { "en": "41–60 m² (+₪900–₪1,500)" },                    "delta": [900, 1500] },
                { "value": "61_100",  "label": { "en": "61–100 m² (+₪1,600–₪2,600)" },                 "delta": [1600, 2600] },
                { "value": "gt100",   "label": { "en": "Over 100 m² (+₪2,600–₪4,200)" },               "delta": [2600, 4200] }
              ]
            },
            {
              "id": "prep",
              "text": { "en": "Substrate preparation" },
              "options": [
                { "value": "clean",    "label": { "en": "Cleaning / light polish" },                   "delta": [0, 0] },
                { "value": "grind",    "label": { "en": "Grinding/crack repair (+₪500–₪1,200)" },      "delta": [500, 1200] },
                { "value": "unknown",  "label": { "en": "Not sure" },                                   "delta": [300, 800], "ui": { "silent_delta": true } }
              ]
            },
            {
              "id": "system",
              "text": { "en": "Epoxy system" },
              "options": [
                { "value": "basic",    "label": { "en": "2 basic coats" },                              "delta": [0, 0] },
                { "value": "premium",  "label": { "en": "Upgraded build/film thickness (+₪600–₪1,200)" }, "delta": [600, 1200] },
                { "value": "flakes",   "label": { "en": "Flakes / anti-slip (+₪250–₪450)" },            "delta": [250, 450] },
                { "value": "unknown",  "label": { "en": "Not sure" },                                   "delta": [400, 800], "ui": { "silent_delta": true } }
              ]
            },
            {
              "id": "urgency",
              "text": { "en": "Urgency / working time" },
              "options": [
                { "value": "normal",   "label": { "en": "Business hours" },                             "delta": [0, 0] },
                { "value": "evening",  "label": { "en": "Evening / weekend" },                          "multiplier": 1.5 }
              ]
            }
          ]
        }
      ]
    }
  ]
}
