{
  "category": "renovation",
  "base_price": [300, 500],
  "result_note": {
    "en": "The ranges shown are estimates derived from common light-to-medium renovation jobs. The final price is determined on site based on scope of work, existing conditions, access/height, chosen materials, and coordination with related trades (electrical/plumbing/waterproofing)."
  },
  "jobs": [
    {
      "id": "gypsum",
      "label": { "en": "Drywall / Gypsum Works" },
      "subtypes": [
        {
          "id": "partition_wall",
          "label": { "en": "Partition Wall (gypsum/drywall)" },
          "base_price": [1200, 1800],
          "result_note": { "en": "Includes frame + boards; finishing with joint compound/paint per your choice." },
          "questions": [
            {
              "id": "size",
              "text": { "en": "Estimated wall size?" },
              "options": [
                { "value": "s",        "label": { "en": "Up to ~6 m²" },                           "delta": [0, 0] },
                { "value": "m",        "label": { "en": "6–12 m² (+₪900–₪1,500)" },                 "delta": [900, 1500] },
                { "value": "l",        "label": { "en": "12–20 m² (+₪1,800–₪3,000)" },              "delta": [1800, 3000] },
                { "value": "unknown",  "label": { "en": "Not sure" },                               "delta": [700, 1400], "ui": { "silent_delta": true } }
              ]
            },
            {
              "id": "layers",
              "text": { "en": "Number of layers & finish" },
              "options": [
                { "value": "single_std", "label": { "en": "Single layer + basic finish" },                "delta": [0, 0] },
                { "value": "double",     "label": { "en": "Double layer/basic insulation (+₪600–₪1,100)" }, "delta": [600, 1100] },
                { "value": "acoustic",   "label": { "en": "Acoustic/mineral wool (+₪900–₪1,700)" },         "delta": [900, 1700] },
                { "value": "unknown",    "label": { "en": "Not sure" },                                     "delta": [500, 900], "ui": { "silent_delta": true } }
              ]
            },
            {
              "id": "doors",
              "text": { "en": "Openings/doors in the wall?" },
              "options": [
                { "value": "none",    "label": { "en": "No openings" },                         "delta": [0, 0] },
                { "value": "one",     "label": { "en": "One opening (+₪500–₪900)" },            "delta": [500, 900] },
                { "value": "multi",   "label": { "en": "Two or more (+₪900–₪1,600)" },          "delta": [900, 1600] },
                { "value": "unknown", "label": { "en": "Not sure" },                             "delta": [400, 800], "ui": { "silent_delta": true } }
              ]
            },
            {
              "id": "height",
              "text": { "en": "Work height/access" },
              "options": [
                { "value": "std",     "label": { "en": "Standard height/easy access" },         "delta": [0, 0] },
                { "value": "high",    "label": { "en": "High/challenging height or access (+₪400–₪800)" }, "delta": [400, 800] },
                { "value": "unknown", "label": { "en": "Not sure" },                             "delta": [250, 500], "ui": { "silent_delta": true } }
              ]
            },
            {
              "id": "urgency",
              "text": { "en": "Urgency" },
              "options": [
                { "value": "normal",  "label": { "en": "Standard (no extra)" },                 "delta": [0, 0] },
                { "value": "evening", "label": { "en": "Evening/Weekend" },                     "multiplier": 1.5 }
              ]
            }
          ]
        },
        {
          "id": "drop_ceiling",
          "label": { "en": "Gypsum/Drop Ceiling" },
          "base_price": [1000, 1600],
          "questions": [
            {
              "id": "area",
              "text": { "en": "Estimated area" },
              "options": [
                { "value": "small",   "label": { "en": "Up to 8 m²" },                              "delta": [0, 0] },
                { "value": "medium",  "label": { "en": "8–16 m² (+₪800–₪1,400)" },                  "delta": [800, 1400] },
                { "value": "large",   "label": { "en": "16–30 m² (+₪1,600–₪2,800)" },               "delta": [1600, 2800] },
                { "value": "unknown", "label": { "en": "Not sure" },                                "delta": [700, 1200], "ui": { "silent_delta": true } }
              ]
            },
            {
              "id": "design",
              "text": { "en": "Design/levels" },
              "options": [
                { "value": "plain",   "label": { "en": "Flat/simple" },                             "delta": [0, 0] },
                { "value": "steps",   "label": { "en": "Step/level/recessed channel (+₪700–₪1,400)" }, "delta": [700, 1400] },
                { "value": "lights",  "label": { "en": "Integrated recessed lighting (+₪600–₪1,200)" }, "delta": [600, 1200] },
                { "value": "unknown", "label": { "en": "Not sure" },                                "delta": [400, 900], "ui": { "silent_delta": true } }
              ]
            }
          ]
        },
        {
          "id": "tv_niche",
          "label": { "en": "TV Niche / Gypsum Shelves" },
          "base_price": [900, 1400],
          "questions": [
            {
              "id": "complexity",
              "text": { "en": "Complexity/number of shelves" },
              "options": [
                { "value": "simple",  "label": { "en": "Simple" },                           "delta": [0, 0] },
                { "value": "medium",  "label": { "en": "Medium (+₪500–₪900)" },              "delta": [500, 900] },
                { "value": "complex", "label": { "en": "Complex (+₪900–₪1,600)" },           "delta": [900, 1600] },
                { "value": "unknown", "label": { "en": "Not sure" },                         "delta": [400, 800], "ui": { "silent_delta": true } }
              ]
            }
          ]
        }
      ]
    },

    {
      "id": "tiling",
      "label": { "en": "Flooring / Tiling" },
      "subtypes": [
        {
          "id": "floor_interior",
          "label": { "en": "Interior Floor Tiling" },
          "base_price": [1400, 2200],
          "result_note": { "en": "Tile supply not included. Demolition/leveling are calculated via the questions." },
          "questions": [
            {
              "id": "area",
              "text": { "en": "Total area?" },
              "options": [
                { "value": "lt10",    "label": { "en": "Up to 10 m²" },                          "delta": [0, 0] },
                { "value": "10_25",   "label": { "en": "10–25 m² (+₪1,200–₪2,000)" },            "delta": [1200, 2000] },
                { "value": "25_60",   "label": { "en": "25–60 m² (+₪3,000–₪5,200)" },            "delta": [3000, 5200] },
                { "value": "gt60",    "label": { "en": "Over 60 m² (+₪5,200–₪9,000)" },          "delta": [5200, 9000] },
                { "value": "unknown", "label": { "en": "Not sure" },                             "delta": [1500, 2800], "ui": { "silent_delta": true } }
              ]
            },
            {
              "id": "remove_old",
              "text": { "en": "Remove existing flooring?" },
              "options": [
                { "value": "no",      "label": { "en": "No" },                                   "delta": [0, 0] },
                { "value": "yes",     "label": { "en": "Yes (incl. disposal) (+₪1,200–₪2,500)" }, "delta": [1200, 2500] },
                { "value": "unknown", "label": { "en": "Not sure" },                             "delta": [800, 1600], "ui": { "silent_delta": true } }
              ]
            },
            {
              "id": "leveling",
              "text": { "en": "Substrate/floor leveling required?" },
              "options": [
                { "value": "no",      "label": { "en": "No" },                                   "delta": [0, 0] },
                { "value": "skim",    "label": { "en": "Thin self-leveling pour (+₪700–₪1,400)" }, "delta": [700, 1400] },
                { "value": "screed",  "label": { "en": "Screed/sub-base/concrete (+₪1,500–₪3,000)" }, "delta": [1500, 3000] },
                { "value": "unknown", "label": { "en": "Not sure" },                             "delta": [900, 1800], "ui": { "silent_delta": true } }
              ]
            },
            {
              "id": "tile_size",
              "text": { "en": "Tile size" },
              "options": [
                { "value": "std",     "label": { "en": "Up to 60×60" },                          "delta": [0, 0] },
                { "value": "large",   "label": { "en": "80×80 / 120×60 (+₪600–₪1,200)" },        "delta": [600, 1200] },
                { "value": "xl",      "label": { "en": "Extra large (+₪1,200–₪2,400)" },         "delta": [1200, 2400] },
                { "value": "unknown", "label": { "en": "Not sure" },                             "delta": [500, 1000], "ui": { "silent_delta": true } }
              ]
            }
          ]
        },
        {
          "id": "wall_bathroom",
          "label": { "en": "Bathroom Wall Tiling" },
          "base_price": [1200, 2000],
          "questions": [
            {
              "id": "scope",
              "text": { "en": "Scope of work" },
              "options": [
                { "value": "shower",   "label": { "en": "Shower/tub zone (+₪900–₪1,600)" },   "delta": [900, 1600] },
                { "value": "full",     "label": { "en": "Entire room (+₪2,200–₪3,800)" },      "delta": [2200, 3800] },
                { "value": "unknown",  "label": { "en": "Not sure" },                          "delta": [1400, 2400], "ui": { "silent_delta": true } }
              ]
            },
            {
              "id": "waterproof",
              "text": { "en": "Substrate waterproofing" },
              "options": [
                { "value": "no",      "label": { "en": "Not required" },                       "delta": [0, 0] },
                { "value": "yes",     "label": { "en": "Yes, waterproofing layers (+₪700–₪1,400)" }, "delta": [700, 1400] },
                { "value": "unknown", "label": { "en": "Not sure" },                           "delta": [500, 900], "ui": { "silent_delta": true } }
              ]
            },
            {
              "id": "grout",
              "text": { "en": "Grout" },
              "options": [
                { "value": "std",     "label": { "en": "Regular" },                            "delta": [0, 0] },
                { "value": "epoxy",   "label": { "en": "Epoxy (+₪400–₪900)" },                 "delta": [400, 900] },
                { "value": "unknown", "label": { "en": "Not sure" },                           "delta": [250, 600], "ui": { "silent_delta": true } }
              ]
            }
          ]
        },
        {
          "id": "backsplash",
          "label": { "en": "Kitchen Backsplash (stone/ceramic)" },
          "base_price": [700, 1200],
          "questions": [
            {
              "id": "length",
              "text": { "en": "Approximate length" },
              "options": [
                { "value": "upto3",   "label": { "en": "Up to 3 m" },                        "delta": [0, 0] },
                { "value": "3to6",    "label": { "en": "3–6 m (+₪400–₪800)" },               "delta": [400, 800] },
                { "value": "gt6",     "label": { "en": "Over 6 m (+₪800–₪1,500)" },          "delta": [800, 1500] },
                { "value": "unknown", "label": { "en": "Not sure" },                         "delta": [300, 700], "ui": { "silent_delta": true } }
              ]
            },
            {
              "id": "cutouts",
              "text": { "en": "Cutouts for outlets/windows" },
              "options": [
                { "value": "few",     "label": { "en": "Few" },                              "delta": [0, 0] },
                { "value": "many",    "label": { "en": "Many/complex (+₪300–₪700)" },        "delta": [300, 700] },
                { "value": "unknown", "label": { "en": "Not sure" },                         "delta": [200, 500], "ui": { "silent_delta": true } }
              ]
            }
          ]
        },
        {
          "id": "tile_replace",
          "label": { "en": "Replace a number of tiles" },
          "base_price": [400, 700],
          "questions": [
            {
              "id": "count",
              "text": { "en": "How many tiles?" },
              "options": [
                { "value": "lt5",     "label": { "en": "Up to 5" },                          "delta": [0, 0] },
                { "value": "5to12",   "label": { "en": "5–12 (+₪250–₪500)" },                "delta": [250, 500] },
                { "value": "gt12",    "label": { "en": "More than 12 (+₪500–₪900)" },        "delta": [500, 900] },
                { "value": "unknown", "label": { "en": "Not sure" },                         "delta": [200, 400], "ui": { "silent_delta": true } }
              ]
            }
          ]
        }
      ]
    },

    {
      "id": "demolition",
      "label": { "en": "Demolition / Opening a Wall" },
      "subtypes": [
        {
          "id": "remove_partition",
          "label": { "en": "Demolish block/gypsum wall (non-load-bearing)" },
          "base_price": [800, 1400],
          "result_note": { "en": "Includes reasonable debris removal. Concrete/load-bearing walls require an engineer and a separate quote." },
          "questions": [
            {
              "id": "length",
              "text": { "en": "Approximate length/height" },
              "options": [
                { "value": "small",   "label": { "en": "Small (up to 3 m)" },                   "delta": [0, 0] },
                { "value": "medium",  "label": { "en": "Medium (3–6 m) (+₪600–₪1,100)" },       "delta": [600, 1100] },
                { "value": "large",   "label": { "en": "Large (over 6 m) (+₪1,200–₪2,200)" },   "delta": [1200, 2200] },
                { "value": "unknown", "label": { "en": "Not sure" },                            "delta": [500, 900], "ui": { "silent_delta": true } }
              ]
            },
            {
              "id": "finish",
              "text": { "en": "Closure/plaster after demolition?" },
              "options": [
                { "value": "none",    "label": { "en": "Not needed" },                          "delta": [0, 0] },
                { "value": "patch",   "label": { "en": "Patch/spot leveling (+₪400–₪800)" },     "delta": [400, 800] },
                { "value": "smooth",  "label": { "en": "Smooth, paint-ready (+₪800–₪1,500)" },   "delta": [800, 1500] },
                { "value": "unknown", "label": { "en": "Not sure" },                             "delta": [300, 600], "ui": { "silent_delta": true } }
              ]
            }
          ]
        },
        {
          "id": "open_wall",
          "label": { "en": "Create opening/door in wall (non-load-bearing)" },
          "base_price": [1000, 1700],
          "questions": [
            {
              "id": "size",
              "text": { "en": "Opening size" },
              "options": [
                { "value": "door",    "label": { "en": "Standard door" },                      "delta": [0, 0] },
                { "value": "wide",    "label": { "en": "Wide passage (+₪600–₪1,100)" },        "delta": [600, 1100] },
                { "value": "arch",    "label": { "en": "Arched/decorative opening (+₪900–₪1,600)" }, "delta": [900, 1600] },
                { "value": "unknown", "label": { "en": "Not sure" },                           "delta": [400, 800], "ui": { "silent_delta": true } }
              ]
            },
            {
              "id": "lintel",
              "text": { "en": "Is a support lintel required?" },
              "options": [
                { "value": "no",      "label": { "en": "No" },                                 "delta": [0, 0] },
                { "value": "yes",     "label": { "en": "Yes (steel lintel) (+₪800–₪1,500)" },  "delta": [800, 1500] },
                { "value": "unknown", "label": { "en": "Not sure" },                           "delta": [500, 900], "ui": { "silent_delta": true } }
              ]
            }
          ]
        },
        {
          "id": "remove_kitchen",
          "label": { "en": "Remove existing kitchen" },
          "base_price": [700, 1200],
          "questions": [
            {
              "id": "size",
              "text": { "en": "Kitchen size" },
              "options": [
                { "value": "small",   "label": { "en": "Small" },                              "delta": [0, 0] },
                { "value": "medium",  "label": { "en": "Medium (+₪400–₪800)" },                "delta": [400, 800] },
                { "value": "large",   "label": { "en": "Large (+₪800–₪1,500)" },               "delta": [800, 1500] },
                { "value": "unknown", "label": { "en": "Not sure" },                           "delta": [300, 600], "ui": { "silent_delta": true } }
              ]
            },
            {
              "id": "disposal",
              "text": { "en": "Disposal to a licensed site" },
              "options": [
                { "value": "no",      "label": { "en": "No" },                                 "delta": [0, 0] },
                { "value": "yes",     "label": { "en": "Yes (+₪500–₪1,000)" },                 "delta": [500, 1000] },
                { "value": "unknown", "label": { "en": "Not sure" },                           "delta": [300, 700], "ui": { "silent_delta": true } }
              ]
            }
          ]
        }
      ]
    },

    {
      "id": "floor_leveling",
      "label": { "en": "Floor Leveling / Thin Pour" },
      "subtypes": [
        {
          "id": "self_level",
          "label": { "en": "Self-Leveling Pour" },
          "base_price": [800, 1300],
          "questions": [
            {
              "id": "room",
              "text": { "en": "Room area" },
              "options": [
                { "value": "lt12",    "label": { "en": "Up to 12 m²" },                       "delta": [0, 0] },
                { "value": "12_25",   "label": { "en": "12–25 m² (+₪600–₪1,000)" },           "delta": [600, 1000] },
                { "value": "gt25",    "label": { "en": "Over 25 m² (+₪1,200–₪2,200)" },       "delta": [1200, 2200] },
                { "value": "unknown", "label": { "en": "Not sure" },                           "delta": [500, 900], "ui": { "silent_delta": true } }
              ]
            },
            {
              "id": "thickness",
              "text": { "en": "Approximate thickness" },
              "options": [
                { "value": "thin",    "label": { "en": "3–6 mm" },                             "delta": [0, 0] },
                { "value": "mid",     "label": { "en": "6–12 mm (+₪400–₪800)" },               "delta": [400, 800] },
                { "value": "thick",   "label": { "en": "12–20+ mm (+₪800–₪1,500)" },           "delta": [800, 1500] },
                { "value": "unknown", "label": { "en": "Not sure" },                           "delta": [400, 900], "ui": { "silent_delta": true } }
              ]
            }
          ]
        }
      ]
    },

    {
      "id": "laminate",
      "label": { "en": "Laminate/Wood Flooring Installation" },
      "subtypes": [
        {
          "id": "laminate_room",
          "label": { "en": "Single Room" },
          "base_price": [700, 1100],
          "result_note": { "en": "Board supply not included. Underlay/door thresholds available as add-ons." },
          "questions": [
            {
              "id": "area",
              "text": { "en": "Room size" },
              "options": [
                { "value": "lt10",    "label": { "en": "Up to 10 m²" },                       "delta": [0, 0] },
                { "value": "10_15",   "label": { "en": "10–15 m² (+₪250–₪450)" },             "delta": [250, 450] },
                { "value": "gt15",    "label": { "en": "Over 15 m² (+₪450–₪900)" },           "delta": [450, 900] },
                { "value": "unknown", "label": { "en": "Not sure" },                           "delta": [250, 500], "ui": { "silent_delta": true } }
              ]
            },
            {
              "id": "prep",
              "text": { "en": "Removal/disposal/prep" },
              "options": [
                { "value": "none",    "label": { "en": "Not needed" },                         "delta": [0, 0] },
                { "value": "remove",  "label": { "en": "Remove/dispose (+₪400–₪800)" },        "delta": [400, 800] },
                { "value": "level",   "label": { "en": "Spot leveling (+₪300–₪600)" },         "delta": [300, 600] },
                { "value": "unknown", "label": { "en": "Not sure" },                           "delta": [250, 500], "ui": { "silent_delta": true } }
              ]
            }
          ]
        },
        {
          "id": "laminate_apartment",
          "label": { "en": "Multiple Rooms / Apartment" },
          "base_price": [1500, 2400],
          "questions": [
            {
              "id": "rooms",
              "text": { "en": "How many rooms?" },
              "options": [
                { "value": "2",       "label": { "en": "2 rooms (+₪800–₪1,400)" },            "delta": [800, 1400] },
                { "value": "3",       "label": { "en": "3 rooms (+₪1,500–₪2,600)" },          "delta": [1500, 2600] },
                { "value": "4plus",   "label": { "en": "4+ rooms (+₪2,600–₪4,200)" },          "delta": [2600, 4200] },
                { "value": "unknown", "label": { "en": "Not sure" },                           "delta": [1200, 2200], "ui": { "silent_delta": true } }
              ]
            }
          ]
        }
      ]
    },

    {
      "id": "plaster",
      "label": { "en": "Plaster / Skim Coating & Paint Prep" },
      "subtypes": [
        {
          "id": "skim_room",
          "label": { "en": "Room wall smoothing" },
          "base_price": [700, 1100],
          "questions": [
            {
              "id": "state",
              "text": { "en": "Wall condition" },
              "options": [
                { "value": "minor",   "label": { "en": "Minor repairs" },                          "delta": [0, 0] },
                { "value": "medium",  "label": { "en": "Cracks/waves – medium (+₪400–₪800)" },     "delta": [400, 800] },
                { "value": "heavy",   "label": { "en": "Full smoothing (+₪800–₪1,500)" },          "delta": [800, 1500] },
                { "value": "unknown", "label": { "en": "Not sure" },                                "delta": [400, 900], "ui": { "silent_delta": true } }
              ]
            },
            {
              "id": "mold",
              "text": { "en": "Mold/dampness" },
              "options": [
                { "value": "no",      "label": { "en": "No" },                                     "delta": [0, 0] },
                { "value": "yes",     "label": { "en": "Yes, targeted treatment (+₪300–₪600)" },   "delta": [300, 600] },
                { "value": "unknown", "label": { "en": "Not sure" },                               "delta": [200, 400], "ui": { "silent_delta": true } }
              ]
            }
          ]
        },
        {
          "id": "crack_repair",
          "label": { "en": "Crack/corner repair" },
          "base_price": [350, 600],
          "questions": [
            {
              "id": "amount",
              "text": { "en": "Quantity" },
              "options": [
                { "value": "few",     "label": { "en": "Few" },                                   "delta": [0, 0] },
                { "value": "some",    "label": { "en": "Moderate (+₪200–₪400)" },                 "delta": [200, 400] },
                { "value": "many",    "label": { "en": "Many (+₪400–₪800)" },                     "delta": [400, 800] },
                { "value": "unknown", "label": { "en": "Not sure" },                              "delta": [200, 400], "ui": { "silent_delta": true } }
              ]
            }
          ]
        }
      ]
    },

    {
      "id": "bathroom",
      "label": { "en": "Bathroom Renovation (small/medium)" },
      "subtypes": [
        {
          "id": "partial_refresh",
          "label": { "en": "Partial refresh" },
          "base_price": [2500, 4200],
          "result_note": { "en": "Includes targeted removals and partial update of tiling/sanitary fixtures." },
          "questions": [
            {
              "id": "scope",
              "text": { "en": "What’s included?" },
              "options": [
                { "value": "tiling",   "label": { "en": "Partial tiling/flooring (+₪1,200–₪2,200)" },  "delta": [1200, 2200] },
                { "value": "sanitary", "label": { "en": "Replace sink/faucet/toilet (+₪900–₪1,800)" }, "delta": [900, 1800] },
                { "value": "shower",   "label": { "en": "Replace shower enclosure/tub (+₪1,400–₪2,600)" }, "delta": [1400, 2600] },
                { "value": "unknown",  "label": { "en": "Not sure" },                                   "delta": [1000, 2000], "ui": { "silent_delta": true } }
              ]
            },
            {
              "id": "waterproof",
              "text": { "en": "Wet area waterproofing" },
              "options": [
                { "value": "no",      "label": { "en": "No" },                                        "delta": [0, 0] },
                { "value": "yes",     "label": { "en": "Yes (+₪900–₪1,600)" },                        "delta": [900, 1600] },
                { "value": "unknown", "label": { "en": "Not sure" },                                  "delta": [700, 1200], "ui": { "silent_delta": true } }
              ]
            }
          ]
        },
        {
          "id": "full_small",
          "label": { "en": "Full renovation — small bathroom" },
          "base_price": [6500, 9500],
          "result_note": { "en": "Includes removals, prep, flooring/tiling, exposed plumbing. Supply of fixtures/tiles is extra." },
          "questions": [
            {
              "id": "size",
              "text": { "en": "Size" },
              "options": [
                { "value": "small",   "label": { "en": "Up to 3.5 m²" },                          "delta": [0, 0] },
                { "value": "med",     "label": { "en": "3.5–5.5 m² (+₪1,500–₪2,800)" },            "delta": [1500, 2800] },
                { "value": "unknown", "label": { "en": "Not sure" },                               "delta": [900, 1800], "ui": { "silent_delta": true } }
              ]
            },
            {
              "id": "plumbing",
              "text": { "en": "Plumbing changes" },
              "options": [
                { "value": "minor",   "label": { "en": "Minor (+₪600–₪1,200)" },                   "delta": [600, 1200] },
                { "value": "major",   "label": { "en": "Route changes/relocations (+₪1,800–₪3,200)" }, "delta": [1800, 3200] },
                { "value": "unknown", "label": { "en": "Not sure" },                               "delta": [900, 1800], "ui": { "silent_delta": true } }
              ]
            }
          ]
        }
      ]
    }
  ]
}
