{
  "category": "electricity",
  "base_price": [250, 400],
  "result_note": {
    "he": "המחיר המוצג הוא טווח משוער לפי התשובות והמקובל בענף. המחיר הסופי נקבע בשטח לפי גישה, מורכבות, חומרים/חלקים, תקנים ותנאי עבודה."
  },
  "jobs": [
    {
      "id": "fault",
      "label": { "he": "תקלת חשמל / קצר" },
      "subtypes": [
        {
          "id": "partial_outage",
          "label": { "he": "נפילת חשמל – חלק מהבית" },
          "base_price": [280, 420],
          "result_note": { "he": "כולל אבחון בלוח/מעגלים. חלקים אינם כלולים." },
          "questions": [
            {
              "id": "scope",
              "text": { "he": "כמה אזורים מושפעים?" },
              "options": [
                { "value": "one_room",  "label": { "he": "חדר אחד/נקודה אחת" }, "delta": [0, 0] },
                { "value": "multi",     "label": { "he": "כמה חדרים/מעגלים (+₪80–₪140)" },  "delta": [80, 140] },
                { "value": "unknown",   "label": { "he": "לא בטוח/ה" }, "delta": [40, 90], "ui": { "silent_delta": true } }
              ]
            },
            {
              "id": "trip_type",
              "text": { "he": "מה קופץ בלוח?" },
              "options": [
                { "value": "breaker", "label": { "he": "מאמ\"ת (פיוז/מפסק מעגל)" }, "delta": [0, 0] },
                { "value": "rcd",     "label": { "he": "ממסר פחת (+₪60–₪110)" }, "delta": [60, 110] },
                { "value": "unknown", "label": { "he": "לא בטוח/ה" }, "delta": [40, 90], "ui": { "silent_delta": true } }
              ]
            },
            {
              "id": "appliance",
              "text": { "he": "זה קורה כשתקע/מכשיר מסוים מחובר?" },
              "options": [
                { "value": "no",      "label": { "he": "לא מזהה מכשיר ספציפי" }, "delta": [0, 0] },
                { "value": "yes",     "label": { "he": "כן, מכשיר מסוים גורם (+₪30–₪70)" }, "delta": [30, 70] },
                { "value": "unknown", "label": { "he": "לא בטוח/ה" }, "delta": [20, 50], "ui": { "silent_delta": true } }
              ]
            },
            {
              "id": "urgency",
              "text": { "he": "דחיפות" },
              "options": [
                { "value": "normal",  "label": { "he": "רגיל (ללא תוספת)" }, "delta": [0, 0] },
                { "value": "evening", "label": { "he": "ערב/סופ״ש" }, "multiplier": 1.5 }
              ]
            }
          ]
        },
        {
          "id": "full_outage",
          "label": { "he": "נפילת חשמל – כל הבית" },
          "base_price": [320, 520],
          "questions": [
            {
              "id": "main_state",
              "text": { "he": "מפסק ראשי בלוח דולק?" },
              "options": [
                { "value": "on",      "label": { "he": "כן" }, "delta": [0, 0] },
                { "value": "off",     "label": { "he": "לא / קופץ (+₪80–₪140)" }, "delta": [80, 140] },
                { "value": "unknown", "label": { "he": "לא בטוח/ה" }, "delta": [40, 90], "ui": { "silent_delta": true } }
              ]
            },
            {
              "id": "iec",
              "text": { "he": "נבדק מול חברת החשמל (הזנה חיצונית)?" },
              "options": [
                { "value": "done",    "label": { "he": "כן – התקלה בבית" }, "delta": [0, 0] },
                { "value": "not_yet", "label": { "he": "לא בדקתי (+₪30–₪60)" }, "delta": [30, 60] },
                { "value": "unknown", "label": { "he": "לא בטוח/ה" }, "delta": [30, 60], "ui": { "silent_delta": true } }
              ]
            },
            {
              "id": "urgency",
              "text": { "he": "דחיפות" },
              "options": [
                { "value": "normal",  "label": { "he": "רגיל (ללא תוספת)" }, "delta": [0, 0] },
                { "value": "evening", "label": { "he": "ערב/סופ״ש" }, "multiplier": 1.5 }
              ]
            }
          ]
        },
        {
          "id": "rcd_tripping",
          "label": { "he": "ממסר פחת קופץ" },
          "base_price": [300, 500],
          "result_note": { "he": "ייתכן הצורך בהחלפת פחת/תיקון בידוד." },
          "questions": [
            {
              "id": "immediate",
              "text": { "he": "הפחת קופץ מיד כשמדליקים?" },
              "options": [
                { "value": "no",      "label": { "he": "לא, רק לפעמים" }, "delta": [0, 0] },
                { "value": "yes",     "label": { "he": "כן, מיד (+₪70–₪120)" }, "delta": [70, 120] },
                { "value": "unknown", "label": { "he": "לא בטוח/ה" }, "delta": [40, 90], "ui": { "silent_delta": true } }
              ]
            },
            {
              "id": "wet",
              "text": { "he": "יש לחות/מים באזורי אמבטיה/חוץ?" },
              "options": [
                { "value": "no",      "label": { "he": "לא" }, "delta": [0, 0] },
                { "value": "yes",     "label": { "he": "כן/יתכן (+₪50–₪100)" }, "delta": [50, 100] },
                { "value": "unknown", "label": { "he": "לא בטוח/ה" }, "delta": [30, 70], "ui": { "silent_delta": true } }
              ]
            },
            {
              "id": "urgency",
              "text": { "he": "דחיפות" },
              "options": [
                { "value": "normal",  "label": { "he": "רגיל (ללא תוספת)" }, "delta": [0, 0] },
                { "value": "evening", "label": { "he": "ערב/סופ״ש" }, "multiplier": 1.5 }
              ]
            }
          ]
        }
      ]
    },

    {
      "id": "socket_switch",
      "label": { "he": "שקעים ומפסקים" },
      "subtypes": [
        {
          "id": "replace_socket",
          "label": { "he": "החלפת שקע" },
          "base_price": [240, 360],
          "result_note": { "he": "לא כולל שקע מותג פרימיום – ניתן לבחור אספקה דרכנו." },
          "questions": [
            {
              "id": "qty",
              "text": { "he": "כמה שקעים?" },
              "options": [
                { "value": "1",     "label": { "he": "אחד" },     "delta": [0, 0] },
                { "value": "2_3",   "label": { "he": "2–3 (+₪120–₪200)" },     "delta": [120, 200] },
                { "value": "4_plus","label": { "he": "4 ומעלה (+₪220–₪380)" }, "delta": [220, 380] }
              ]
            },
            {
              "id": "wet",
              "text": { "he": "מיקום רטוב/חוץ (IP44+)?" },
              "options": [
                { "value": "no",      "label": { "he": "לא" }, "delta": [0, 0] },
                { "value": "yes",     "label": { "he": "כן/חוץ/אמבט (+₪60–₪120)" }, "delta": [60, 120] },
                { "value": "unknown", "label": { "he": "לא בטוח/ה" }, "delta": [40, 80], "ui": { "silent_delta": true } }
              ]
            },
            {
              "id": "supply",
              "text": { "he": "אספקת השקע" },
              "options": [
                { "value": "client",  "label": { "he": "לקוח/ה מספק/ת" }, "delta": [0, 0] },
                { "value": "basic",   "label": { "he": "אספקה בסיסית (+₪30–₪60)" },  "delta": [30, 60] },
                { "value": "quality", "label": { "he": "מותג/מעוצב (+₪70–₪140)" },    "delta": [70, 140] }
              ]
            }
          ]
        },
        {
          "id": "add_socket_surface",
          "label": { "he": "תוספת שקע – התקנה חיצונית" },
          "base_price": [320, 520],
          "questions": [
            {
              "id": "length",
              "text": { "he": "מרחק מהזנה (הערכה)" },
              "options": [
                { "value": "short",   "label": { "he": "עד ~2 מ׳" },   "delta": [0, 0] },
                { "value": "medium",  "label": { "he": "2–5 מ׳ (+₪80–₪150)" },     "delta": [80, 150] },
                { "value": "long",    "label": { "he": "5–10 מ׳ (+₪160–₪280)" },    "delta": [160, 280] },
                { "value": "unknown", "label": { "he": "לא בטוח/ה" },  "delta": [100, 200], "ui": { "silent_delta": true } }
              ]
            },
            {
              "id": "supply",
              "text": { "he": "אספקת קופסה/תעלה/שקע" },
              "options": [
                { "value": "client",  "label": { "he": "אני מספק/ת" }, "delta": [0, 0] },
                { "value": "yes",     "label": { "he": "אספקה דרכנו (+₪80–₪140)" }, "delta": [80, 140] },
                { "value": "unknown", "label": { "he": "לא בטוח/ה" },   "delta": [60, 120], "ui": { "silent_delta": true } }
              ]
            }
          ]
        },
        {
          "id": "add_socket_chase",
          "label": { "he": "תוספת שקע – חציבה/הטמעה" },
          "base_price": [380, 700],
          "result_note": { "he": "כולל חציבה קלה ותיקון נקודתי. אריחים/חומרים מיוחדים עשויים לייקר." },
          "questions": [
            {
              "id": "length",
              "text": { "he": "מרחק/אורך תעלה (הערכה)" },
              "options": [
                { "value": "short",   "label": { "he": "עד ~2 מ׳" },   "delta": [0, 0] },
                { "value": "medium",  "label": { "he": "2–5 מ׳ (+₪100–₪180)" },     "delta": [100, 180] },
                { "value": "long",    "label": { "he": "5–10 מ׳ (+₪200–₪340)" },    "delta": [200, 340] },
                { "value": "unknown", "label": { "he": "לא בטוח/ה" },  "delta": [120, 220], "ui": { "silent_delta": true } }
              ]
            },
            {
              "id": "wall",
              "text": { "he": "סוג קיר" },
              "options": [
                { "value": "gypsum",  "label": { "he": "גבס" },          "delta": [0, 0] },
                { "value": "block",   "label": { "he": "בלוק/טיח (+₪60–₪110)" },     "delta": [60, 110] },
                { "value": "ceramic", "label": { "he": "חיפוי קרמי (+₪120–₪220)" },   "delta": [120, 220] },
                { "value": "unknown", "label": { "he": "לא בטוח/ה" },     "delta": [80, 160], "ui": { "silent_delta": true } }
              ]
            },
            {
              "id": "supply",
              "text": { "he": "אספקת צנרת/קופסה/שקע" },
              "options": [
                { "value": "client",  "label": { "he": "אני מספק/ת" }, "delta": [0, 0] },
                { "value": "yes",     "label": { "he": "אספקה דרכנו (+₪100–₪180)" }, "delta": [100, 180] },
                { "value": "unknown", "label": { "he": "לא בטוח/ה" },   "delta": [80, 150], "ui": { "silent_delta": true } }
              ]
            }
          ]
        },
        {
          "id": "replace_switch",
          "label": { "he": "החלפת מפסק תאורה" },
          "base_price": [200, 320],
          "questions": [
            {
              "id": "gangs",
              "text": { "he": "כמה לחצנים?" },
              "options": [
                { "value": "single",  "label": { "he": "חד־מנגנון" }, "delta": [0, 0] },
                { "value": "double",  "label": { "he": "דו־מנגנון (+₪30–₪60)" }, "delta": [30, 60] },
                { "value": "triple",  "label": { "he": "תלת־מנגנון (+₪60–₪110)" }, "delta": [60, 110] }
              ]
            },
            {
              "id": "supply",
              "text": { "he": "אספקת המפסק" },
              "options": [
                { "value": "client",  "label": { "he": "לקוח/ה מספק/ת" }, "delta": [0, 0] },
                { "value": "basic",   "label": { "he": "אספקה בסיסית (+₪30–₪60)" },  "delta": [30, 60] },
                { "value": "quality", "label": { "he": "מותג/מעוצב (+₪70–₪140)" },    "delta": [70, 140] }
              ]
            }
          ]
        },
        {
          "id": "install_dimmer",
          "label": { "he": "התקנת דימר" },
          "base_price": [260, 420],
          "questions": [
            {
              "id": "led",
              "text": { "he": "תואם LED?" },
              "options": [
                { "value": "yes",     "label": { "he": "כן/תומך LED" }, "delta": [0, 0] },
                { "value": "no",      "label": { "he": "דימר רגיל" },   "delta": [0, 0] },
                { "value": "unknown", "label": { "he": "לא בטוח/ה" },   "delta": [20, 40], "ui": { "silent_delta": true } }
              ]
            },
            {
              "id": "supply",
              "text": { "he": "אספקת הדימר" },
              "options": [
                { "value": "client",  "label": { "he": "אני מספק/ת" },  "delta": [0, 0] },
                { "value": "basic",   "label": { "he": "אספקה בסיסית (+₪60–₪100)" }, "delta": [60, 100] },
                { "value": "quality", "label": { "he": "מותג/פרימיום (+₪120–₪200)" },  "delta": [120, 200] }
              ]
            }
          ]
        }
      ]
    },

    {
      "id": "lighting",
      "label": { "he": "תאורה וגופי תאורה" },
      "subtypes": [
        {
          "id": "replace_fixture",
          "label": { "he": "החלפת גוף תאורה קיים" },
          "base_price": [180, 320],
          "questions": [
            {
              "id": "qty",
              "text": { "he": "כמה גופים?" },
              "options": [
                { "value": "1",      "label": { "he": "1" },        "delta": [0, 0] },
                { "value": "2_3",    "label": { "he": "2–3 (+₪120–₪200)" },      "delta": [120, 200] },
                { "value": "4_plus", "label": { "he": "4 ומעלה (+₪220–₪360)" },  "delta": [220, 360] }
              ]
            },
            {
              "id": "height",
              "text": { "he": "גובה תקרה/נגישות" },
              "options": [
                { "value": "std",     "label": { "he": "רגיל (עד ~2.8 מ׳)" }, "delta": [0, 0] },
                { "value": "high",    "label": { "he": "גבוה/צריך סולם (+₪60–₪120)" },    "delta": [60, 120] },
                { "value": "unknown", "label": { "he": "לא בטוח/ה" },          "delta": [40, 90], "ui": { "silent_delta": true } }
              ]
            }
          ]
        },
        {
          "id": "chandelier_heavy",
          "label": { "he": "נברשת/גוף כבד" },
          "base_price": [280, 520],
          "questions": [
            {
              "id": "weight",
              "text": { "he": "משקל/עיגון" },
              "options": [
                { "value": "light",   "label": { "he": "עד ~5 ק\"ג" },    "delta": [0, 0] },
                { "value": "heavy",   "label": { "he": "כבד/עיגון מיוחד (+₪120–₪220)" }, "delta": [120, 220] },
                { "value": "unknown", "label": { "he": "לא בטוח/ה" },      "delta": [80, 160], "ui": { "silent_delta": true } }
              ]
            },
            {
              "id": "height",
              "text": { "he": "גובה תקרה" },
              "options": [
                { "value": "std",     "label": { "he": "רגיל" },  "delta": [0, 0] },
                { "value": "high",    "label": { "he": "גבוה (+₪60–₪120)" },  "delta": [60, 120] },
                { "value": "unknown", "label": { "he": "לא בטוח/ה" }, "delta": [40, 90], "ui": { "silent_delta": true } }
              ]
            }
          ]
        },
        {
          "id": "recessed_spot",
          "label": { "he": "ספוטים שקועים / תקרת גבס" },
          "base_price": [300, 550],
          "result_note": { "he": "כולל חיבור לנקודה קיימת. הוספת מעגל/שנאים – בתוספת." },
          "questions": [
            {
              "id": "qty",
              "text": { "he": "כמה ספוטים?" },
              "options": [
                { "value": "1",     "label": { "he": "1" },      "delta": [0, 0] },
                { "value": "2_4",   "label": { "he": "2–4 (+₪120–₪220)" },    "delta": [120, 220] },
                { "value": "5_8",   "label": { "he": "5–8 (+₪240–₪420)" },    "delta": [240, 420] },
                { "value": "unknown","label": { "he": "לא בטוח/ה" }, "delta": [120, 220], "ui": { "silent_delta": true } }
              ]
            },
            {
              "id": "ceiling",
              "text": { "he": "סוג תקרה" },
              "options": [
                { "value": "drywall", "label": { "he": "גבס" },      "delta": [0, 0] },
                { "value": "concrete","label": { "he": "בטון (+₪120–₪220)" },     "delta": [120, 220] },
                { "value": "unknown", "label": { "he": "לא בטוח/ה" }, "delta": [80, 150], "ui": { "silent_delta": true } }
              ]
            }
          ]
        },
        {
          "id": "ceiling_fan",
          "label": { "he": "התקנת מאוורר תקרה" },
          "base_price": [280, 550],
          "questions": [
            {
              "id": "point",
              "text": { "he": "יש נקודת חשמל מוכנה בתקרה?" },
              "options": [
                { "value": "yes",     "label": { "he": "כן" },            "delta": [0, 0] },
                { "value": "no",      "label": { "he": "לא – צריך הכנה (+₪120–₪220)" }, "delta": [120, 220] },
                { "value": "unknown", "label": { "he": "לא בטוח/ה" },      "delta": [80, 150], "ui": { "silent_delta": true } }
              ]
            },
            {
              "id": "height",
              "text": { "he": "גובה/נגישות" },
              "options": [
                { "value": "std",     "label": { "he": "רגיל" }, "delta": [0, 0] },
                { "value": "high",    "label": { "he": "גבוה (+₪60–₪120)" }, "delta": [60, 120] },
                { "value": "unknown", "label": { "he": "לא בטוח/ה" }, "delta": [40, 90], "ui": { "silent_delta": true } }
              ]
            }
          ]
        }
      ]
    },

    {
      "id": "panel",
      "label": { "he": "לוח חשמל / ממסרים" },
      "subtypes": [
        {
          "id": "replace_breaker",
          "label": { "he": "החלפת מאמ\"ת (פיוז/ממסר מעגל)" },
          "base_price": [280, 500],
          "questions": [
            {
              "id": "poles",
              "text": { "he": "סוג מפסק" },
              "options": [
                { "value": "1p",      "label": { "he": "חד־קוטבי" },   "delta": [0, 0] },
                { "value": "3p",      "label": { "he": "תלת־קוטבי (+₪100–₪180)" },  "delta": [100, 180] },
                { "value": "unknown", "label": { "he": "לא בטוח/ה" },  "delta": [60, 120], "ui": { "silent_delta": true } }
              ]
            },
            {
              "id": "brand",
              "text": { "he": "רמת חלק/מותג" },
              "options": [
                { "value": "basic",   "label": { "he": "בסיסי" },       "delta": [0, 0] },
                { "value": "quality", "label": { "he": "מותג/מקורי (+₪60–₪120)" },  "delta": [60, 120] },
                { "value": "unknown", "label": { "he": "לא בטוח/ה" },   "delta": [40, 90], "ui": { "silent_delta": true } }
              ]
            }
          ]
        },
        {
          "id": "replace_rcd",
          "label": { "he": "החלפת ממסר פחת (RCD)" },
          "base_price": [450, 700],
          "questions": [
            {
              "id": "phase",
              "text": { "he": "חד/תלת פאזי?" },
              "options": [
                { "value": "1p",      "label": { "he": "חד־פאזי" },  "delta": [0, 0] },
                { "value": "3p",      "label": { "he": "תלת־פאזי (+₪120–₪200)" }, "delta": [120, 200] },
                { "value": "unknown", "label": { "he": "לא בטוח/ה" }, "delta": [80, 150], "ui": { "silent_delta": true } }
              ]
            },
            {
              "id": "brand",
              "text": { "he": "מותג" },
              "options": [
                { "value": "basic",   "label": { "he": "בסיסי" },       "delta": [0, 0] },
                { "value": "quality", "label": { "he": "מותג/מקורי (+₪80–₪150)" },  "delta": [80, 150] },
                { "value": "unknown", "label": { "he": "לא בטוח/ה" },   "delta": [60, 120], "ui": { "silent_delta": true } }
              ]
            }
          ]
        },
        {
          "id": "add_circuit",
          "label": { "he": "הוספת מעגל בלוח" },
          "base_price": [450, 900],
          "questions": [
            {
              "id": "length",
              "text": { "he": "מרחק משוער עד לצרכן" },
              "options": [
                { "value": "short",   "label": { "he": "עד ~5 מ׳" },   "delta": [0, 0] },
                { "value": "medium",  "label": { "he": "5–15 מ׳ (+₪150–₪280)" },    "delta": [150, 280] },
                { "value": "long",    "label": { "he": "מעל 15 מ׳ (+₪280–₪480)" },  "delta": [280, 480] },
                { "value": "unknown", "label": { "he": "לא בטוח/ה" },  "delta": [180, 340], "ui": { "silent_delta": true } }
              ]
            },
            {
              "id": "phase",
              "text": { "he": "חד/תלת פאזי" },
              "options": [
                { "value": "1p", "label": { "he": "חד־פאזי" },  "delta": [0, 0] },
                { "value": "3p", "label": { "he": "תלת־פאזי (+₪120–₪220)" }, "delta": [120, 220] }
              ]
            }
          ]
        },
        {
          "id": "replace_panel_single",
          "label": { "he": "החלפת לוח – חד־פאזי" },
          "base_price": [1200, 2000],
          "result_note": { "he": "כולל לוח תקני עם ממסרים. אישורי בדיקה/חברת חשמל אם נדרשים – בתוספת." },
          "questions": [
            {
              "id": "circuits",
              "text": { "he": "כמה מעגלים בלוח?" },
              "options": [
                { "value": "up_to8", "label": { "he": "עד 8" },     "delta": [0, 0] },
                { "value": "9_14",   "label": { "he": "9–14 (+₪250–₪450)" },     "delta": [250, 450] },
                { "value": "15_plus","label": { "he": "15+ (+₪450–₪750)" },      "delta": [450, 750] }
              ]
            },
            {
              "id": "relocate",
              "text": { "he": "הזזת מיקום לוח?" },
              "options": [
                { "value": "no",     "label": { "he": "לא" },     "delta": [0, 0] },
                { "value": "yes",    "label": { "he": "כן (+₪300–₪600)" },     "delta": [300, 600] },
                { "value": "unknown","label": { "he": "לא בטוח/ה" }, "delta": [200, 400], "ui": { "silent_delta": true } }
              ]
            }
          ]
        },
        {
          "id": "replace_panel_three",
          "label": { "he": "החלפת לוח – תלת־פאזי" },
          "base_price": [2000, 3500],
          "questions": [
            {
              "id": "circuits",
              "text": { "he": "כמה מעגלים בלוח?" },
              "options": [
                { "value": "up_to12", "label": { "he": "עד 12" },   "delta": [0, 0] },
                { "value": "13_20",   "label": { "he": "13–20 (+₪300–₪600)" },   "delta": [300, 600] },
                { "value": "21_plus", "label": { "he": "21+ (+₪600–₪1000)" },     "delta": [600, 1000] }
              ]
            },
            {
              "id": "relocate",
              "text": { "he": "הזזת מיקום לוח?" },
              "options": [
                { "value": "no",     "label": { "he": "לא" },     "delta": [0, 0] },
                { "value": "yes",    "label": { "he": "כן (+₪400–₪800)" },     "delta": [400, 800] },
                { "value": "unknown","label": { "he": "לא בטוח/ה" }, "delta": [300, 600], "ui": { "silent_delta": true } }
              ]
            }
          ]
        }
      ]
    },

    {
      "id": "dedicated_line",
      "label": { "he": "קו ייעודי / שקע כוח" },
      "subtypes": [
        {
          "id": "ac_line",
          "label": { "he": "קו למזגן / שקע כוח" },
          "base_price": [600, 900],
          "result_note": { "he": "כולל מאמ\"ת ושקע כוח. אורך/תוואי עשויים לייקר." },
          "questions": [
            {
              "id": "length",
              "text": { "he": "מרחק מוערך מלוח הצרכנים" },
              "options": [
                { "value": "short",   "label": { "he": "עד 5 מ׳" },     "delta": [0, 0] },
                { "value": "medium",  "label": { "he": "5–15 מ׳ (+₪180–₪320)" },     "delta": [180, 320] },
                { "value": "long",    "label": { "he": "מעל 15 מ׳ (+₪320–₪520)" },   "delta": [320, 520] },
                { "value": "unknown", "label": { "he": "לא בטוח/ה" },    "delta": [220, 380], "ui": { "silent_delta": true } }
              ]
            },
            {
              "id": "phase",
              "text": { "he": "חד/תלת פאזי (אם נדרש)" },
              "options": [
                { "value": "1p", "label": { "he": "חד־פאזי" },  "delta": [0, 0] },
                { "value": "3p", "label": { "he": "תלת־פאזי (+₪180–₪320)" }, "delta": [180, 320] }
              ]
            }
          ]
        },
        {
          "id": "oven_line",
          "label": { "he": "קו תנור אפייה" },
          "base_price": [600, 900],
          "questions": [
            {
              "id": "length",
              "text": { "he": "מרחק/תוואי" },
              "options": [
                { "value": "short",   "label": { "he": "עד 5 מ׳" },   "delta": [0, 0] },
                { "value": "medium",  "label": { "he": "5–15 מ׳ (+₪160–₪300)" },   "delta": [160, 300] },
                { "value": "long",    "label": { "he": "מעל 15 מ׳ (+₪300–₪480)" }, "delta": [300, 480] },
                { "value": "unknown", "label": { "he": "לא בטוח/ה" }, "delta": [200, 360], "ui": { "silent_delta": true } }
              ]
            },
            {
              "id": "socket",
              "text": { "he": "שקע כוח כלול?" },
              "options": [
                { "value": "client",  "label": { "he": "לקוח/ה מספק/ת" }, "delta": [0, 0] },
                { "value": "supply",  "label": { "he": "אספקה+התקנה (+₪120–₪200)" },   "delta": [120, 200] },
                { "value": "unknown", "label": { "he": "לא בטוח/ה" },      "delta": [80, 150], "ui": { "silent_delta": true } }
              ]
            }
          ]
        },
        {
          "id": "induction_line",
          "label": { "he": "קו כיריים אינדוקציה" },
          "base_price": [900, 1400],
          "result_note": { "he": "לעיתים נדרש תלת־פאזי ומוליכי חתך גדול." },
          "questions": [
            {
              "id": "phase",
              "text": { "he": "חד/תלת פאזי" },
              "options": [
                { "value": "1p", "label": { "he": "חד־פאזי" },  "delta": [0, 0] },
                { "value": "3p", "label": { "he": "תלת־פאזי (+₪250–₪420)" }, "delta": [250, 420] }
              ]
            },
            {
              "id": "length",
              "text": { "he": "מרחק/תוואי" },
              "options": [
                { "value": "short",   "label": { "he": "עד 5 מ׳" },   "delta": [0, 0] },
                { "value": "medium",  "label": { "he": "5–15 מ׳ (+₪200–₪360)" },   "delta": [200, 360] },
                { "value": "long",    "label": { "he": "מעל 15 מ׳ (+₪360–₪600)" }, "delta": [360, 600] }
              ]
            }
          ]
        },
        {
          "id": "dryer_line",
          "label": { "he": "קו למייבש כביסה" },
          "base_price": [500, 800],
          "questions": [
            {
              "id": "length",
              "text": { "he": "מרחק מלוח/נקודת הזנה" },
              "options": [
                { "value": "short",  "label": { "he": "עד 5 מ׳" },   "delta": [0, 0] },
                { "value": "medium", "label": { "he": "5–15 מ׳ (+₪140–₪260)" },   "delta": [140, 260] },
                { "value": "long",   "label": { "he": "מעל 15 מ׳ (+₪260–₪420)" }, "delta": [260, 420] }
              ]
            }
          ]
        },
        {
          "id": "ev_prep",
          "label": { "he": "הכנה לעמדת טעינה (ללא העמדה)" },
          "base_price": [1500, 2500],
          "result_note": { "he": "מחיר לעבודה וכבל/הגנות בסיסיות. לא כולל העמדה עצמה/אישורי חברת חשמל." },
          "questions": [
            {
              "id": "length",
              "text": { "he": "אורך תוואי כבל" },
              "options": [
                { "value": "up_to10", "label": { "he": "עד 10 מ׳" },   "delta": [0, 0] },
                { "value": "10_25",   "label": { "he": "10–25 מ׳ (+₪600–₪1200)" },   "delta": [600, 1200] },
                { "value": "25_plus", "label": { "he": "מעל 25 מ׳ (+₪1200–₪2500)" },  "delta": [1200, 2500] }
              ]
            },
            {
              "id": "phase",
              "text": { "he": "חד/תלת פאזי" },
              "options": [
                { "value": "1p", "label": { "he": "חד־פאזי" },  "delta": [0, 0] },
                { "value": "3p", "label": { "he": "תלת־פאזי (+₪300–₪600)" }, "delta": [300, 600] }
              ]
            }
          ]
        }
      ]
    },

    {
      "id": "water_heater_electric",
      "label": { "he": "מפסק/טיימר לדוד חשמל" },
      "subtypes": [
        {
          "id": "switch_replace",
          "label": { "he": "החלפת מפסק דוד" },
          "base_price": [220, 360],
          "questions": [
            {
              "id": "type",
              "text": { "he": "סוג המפסק" },
              "options": [
                { "value": "regular",     "label": { "he": "רגיל" },       "delta": [0, 0] },
                { "value": "illuminated", "label": { "he": "עם תאורה (+₪20–₪40)" }, "delta": [20, 40] },
                { "value": "unknown",     "label": { "he": "לא בטוח/ה" },   "delta": [20, 40], "ui": { "silent_delta": true } }
              ]
            }
          ]
        },
        {
          "id": "timer_install",
          "label": { "he": "התקנת טיימר לדוד" },
          "base_price": [300, 500],
          "questions": [
            {
              "id": "supply",
              "text": { "he": "אספקת הטיימר" },
              "options": [
                { "value": "client",  "label": { "he": "לקוח/ה מספק/ת" }, "delta": [0, 0] },
                { "value": "basic",   "label": { "he": "אספקה בסיסית (+₪120–₪200)" },  "delta": [120, 200] },
                { "value": "quality", "label": { "he": "מותג/פרימיום (+₪200–₪320)" },  "delta": [200, 320] }
              ]
            }
          ]
        }
      ]
    },

    {
      "id": "doorbell_intercom",
      "label": { "he": "פעמון / אינטרקום" },
      "subtypes": [
        {
          "id": "doorbell",
          "label": { "he": "פעמון דלת" },
          "base_price": [220, 360],
          "questions": [
            {
              "id": "type",
              "text": { "he": "חוטי/אלחוטי" },
              "options": [
                { "value": "wired",   "label": { "he": "חוטי" },       "delta": [0, 0] },
                { "value": "wireless","label": { "he": "אלחוטי (+₪20–₪40)" },     "delta": [20, 40] },
                { "value": "unknown", "label": { "he": "לא בטוח/ה" },  "delta": [20, 40], "ui": { "silent_delta": true } }
              ]
            },
            {
              "id": "length",
              "text": { "he": "מרחק חיווט משוער" },
              "options": [
                { "value": "short",   "label": { "he": "עד 5 מ׳" },   "delta": [0, 0] },
                { "value": "medium",  "label": { "he": "5–15 מ׳ (+₪60–₪110)" },   "delta": [60, 110] },
                { "value": "long",    "label": { "he": "מעל 15 מ׳ (+₪120–₪200)" }, "delta": [120, 200] }
              ]
            }
          ]
        },
        {
          "id": "intercom",
          "label": { "he": "אינטרקום ביתי" },
          "base_price": [300, 500],
          "questions": [
            {
              "id": "issue",
              "text": { "he": "מה נדרש?" },
              "options": [
                { "value": "repair",  "label": { "he": "תיקון/חיבור" }, "delta": [0, 0] },
                { "value": "replace", "label": { "he": "החלפה מלאה (+₪180–₪320)" },  "delta": [180, 320] },
                { "value": "unknown", "label": { "he": "לא בטוח/ה" },    "delta": [100, 200], "ui": { "silent_delta": true } }
              ]
            }
          ]
        }
      ]
    },

    {
      "id": "smart_home",
      "label": { "he": "בית חכם (מפסק/ריליי)" },
      "subtypes": [
        {
          "id": "smart_switch",
          "label": { "he": "מפסק חכם" },
          "base_price": [260, 420],
          "questions": [
            {
              "id": "gangs",
              "text": { "he": "כמה יחידות/לחצנים?" },
              "options": [
                { "value": "single", "label": { "he": "1" },   "delta": [0, 0] },
                { "value": "double", "label": { "he": "2 (+₪30–₪60)" },   "delta": [30, 60] },
                { "value": "triple", "label": { "he": "3 (+₪60–₪110)" },   "delta": [60, 110] }
              ]
            },
            {
              "id": "neutral",
              "text": { "he": "יש מוליך אפס (N) בקופסה?" },
              "options": [
                { "value": "yes",     "label": { "he": "כן" },           "delta": [0, 0] },
                { "value": "no",      "label": { "he": "אין – צריך פתרון (+₪100–₪180)" }, "delta": [100, 180] },
                { "value": "unknown", "label": { "he": "לא בטוח/ה" },     "delta": [60, 120], "ui": { "silent_delta": true } }
              ]
            }
          ]
        },
        {
          "id": "smart_relay",
          "label": { "he": "ריליי חכם מאחורי מפסק" },
          "base_price": [260, 420],
          "questions": [
            {
              "id": "space",
              "text": { "he": "יש עומק/מקום בקופסה?" },
              "options": [
                { "value": "ok",      "label": { "he": "כן" },          "delta": [0, 0] },
                { "value": "tight",   "label": { "he": "צפוף – הרחבה (+₪80–₪150)" }, "delta": [80, 150] },
                { "value": "unknown", "label": { "he": "לא בטוח/ה" },    "delta": [60, 120], "ui": { "silent_delta": true } }
              ]
            }
          ]
        }
      ]
    },

    {
      "id": "inspection",
      "label": { "he": "בדיקה/דוח חשמלאי" },
      "subtypes": [
        {
          "id": "test_report",
          "label": { "he": "בדיקה מלאה + דוח" },
          "base_price": [600, 1000],
          "questions": [
            {
              "id": "apt_size",
              "text": { "he": "גודל דירה (חדרים)" },
              "options": [
                { "value": "1_3",   "label": { "he": "עד 3" },   "delta": [0, 0] },
                { "value": "4_5",   "label": { "he": "4–5 (+₪120–₪220)" },    "delta": [120, 220] },
                { "value": "6_plus","label": { "he": "6+ (+₪220–₪380)" },     "delta": [220, 380] }
              ]
            }
          ]
        },
        {
          "id": "ground_only",
          "label": { "he": "בדיקת הארקה בלבד" },
          "base_price": [300, 500],
          "questions": [
            {
              "id": "access",
              "text": { "he": "נגישות ללוח/לנקודות בדיקה" },
              "options": [
                { "value": "easy",    "label": { "he": "נוחה" },        "delta": [0, 0] },
                { "value": "hard",    "label": { "he": "מוגבלת (+₪60–₪120)" },      "delta": [60, 120] },
                { "value": "unknown", "label": { "he": "לא בטוח/ה" },    "delta": [40, 90], "ui": { "silent_delta": true } }
              ]
            }
          ]
        }
      ]
    }
  ]
}
