{
  "category": "renovation",
  "base_price": [300, 500],
  "result_note": {
    "he": "הטווחים כאן משוערים ונגזרים מעבודות נפוצות בשיפוצים קלים-בינוניים. המחיר הסופי נקבע בשטח לפי היקף העבודה, מצב הקיים, גישה/גובה, חומרי גלם שנבחרו ותיאומים נלווים (חשמל/אינסטלציה/איטום)."
  },
  "jobs": [
    {
      "id": "gypsum",
      "label": { "he": "עבודות גבס" },
      "subtypes": [
        {
          "id": "partition_wall",
          "label": { "he": "קיר גבס מפריד" },
          "base_price": [1200, 1800],
          "result_note": { "he": "כולל שלד+לוחות; גמר שפכטל/צבע לפי בחירה." },
          "questions": [
            {
              "id": "size",
              "text": { "he": "מה גודל משוער של הקיר?" },
              "options": [
                { "value": "s",        "label": { "he": "עד ~6 מ״ר" },                      "delta": [0, 0] },
                { "value": "m",        "label": { "he": "6–12 מ״ר (+₪900–₪1,500)" },         "delta": [900, 1500] },
                { "value": "l",        "label": { "he": "12–20 מ״ר (+₪1,800–₪3,000)" },      "delta": [1800, 3000] },
                { "value": "unknown",  "label": { "he": "לא בטוח/ה" },                       "delta": [700, 1400], "ui": { "silent_delta": true } }
              ]
            },
            {
              "id": "layers",
              "text": { "he": "מספר שכבות וגמר" },
              "options": [
                { "value": "single_std", "label": { "he": "שכבה בודדת + גמר בסיסי" },        "delta": [0, 0] },
                { "value": "double",     "label": { "he": "שכבה כפולה/בידוד בסיסי (+₪600–₪1,100)" }, "delta": [600, 1100] },
                { "value": "acoustic",   "label": { "he": "אקוסטי/צמר סלעים (+₪900–₪1,700)" },       "delta": [900, 1700] },
                { "value": "unknown",    "label": { "he": "לא בטוח/ה" },                          "delta": [500, 900], "ui": { "silent_delta": true } }
              ]
            },
            {
              "id": "doors",
              "text": { "he": "פתחים/דלתות בקיר?" },
              "options": [
                { "value": "none",    "label": { "he": "בלי פתחים" },                 "delta": [0, 0] },
                { "value": "one",     "label": { "he": "פתח אחד (+₪500–₪900)" },      "delta": [500, 900] },
                { "value": "multi",   "label": { "he": "שניים ומעלה (+₪900–₪1,600)" }, "delta": [900, 1600] },
                { "value": "unknown", "label": { "he": "לא בטוח/ה" },                  "delta": [400, 800], "ui": { "silent_delta": true } }
              ]
            },
            {
              "id": "height",
              "text": { "he": "גובה עבודה/גישה" },
              "options": [
                { "value": "std",     "label": { "he": "גובה סטנדרטי/גישה נוחה" },   "delta": [0, 0] },
                { "value": "high",    "label": { "he": "גובה/גישה מאתגרת (+₪400–₪800)" }, "delta": [400, 800] },
                { "value": "unknown", "label": { "he": "לא בטוח/ה" },                  "delta": [250, 500], "ui": { "silent_delta": true } }
              ]
            },
            {
              "id": "urgency",
              "text": { "he": "דחיפות" },
              "options": [
                { "value": "normal",  "label": { "he": "רגיל (ללא תוספת)" },          "delta": [0, 0] },
                { "value": "evening", "label": { "he": "ערב/סופ״ש" },                  "multiplier": 1.5 }
              ]
            }
          ]
        },
        {
          "id": "drop_ceiling",
          "label": { "he": "תקרת גבס/הנמכה" },
          "base_price": [1000, 1600],
          "questions": [
            {
              "id": "area",
              "text": { "he": "שטח משוער" },
              "options": [
                { "value": "small",   "label": { "he": "עד 8 מ״ר" },                        "delta": [0, 0] },
                { "value": "medium",  "label": { "he": "8–16 מ״ר (+₪800–₪1,400)" },          "delta": [800, 1400] },
                { "value": "large",   "label": { "he": "16–30 מ״ר (+₪1,600–₪2,800)" },       "delta": [1600, 2800] },
                { "value": "unknown", "label": { "he": "לא בטוח/ה" },                        "delta": [700, 1200], "ui": { "silent_delta": true } }
              ]
            },
            {
              "id": "design",
              "text": { "he": "עיצוב/מפלסים" },
              "options": [
                { "value": "plain",   "label": { "he": "ישר/פשוט" },                        "delta": [0, 0] },
                { "value": "steps",   "label": { "he": "שלב/מפלס/תעלה (+₪700–₪1,400)" },     "delta": [700, 1400] },
                { "value": "lights",  "label": { "he": "שילוב תאורה שקועה (+₪600–₪1,200)" }, "delta": [600, 1200] },
                { "value": "unknown", "label": { "he": "לא בטוח/ה" },                        "delta": [400, 900], "ui": { "silent_delta": true } }
              ]
            }
          ]
        },
        {
          "id": "tv_niche",
          "label": { "he": "נישת טלוויזיה/מדפים מגבס" },
          "base_price": [900, 1400],
          "questions": [
            {
              "id": "complexity",
              "text": { "he": "מורכבות/כמות מדפים" },
              "options": [
                { "value": "simple",  "label": { "he": "פשוטה" },                         "delta": [0, 0] },
                { "value": "medium",  "label": { "he": "בינונית (+₪500–₪900)" },           "delta": [500, 900] },
                { "value": "complex", "label": { "he": "מורכבת (+₪900–₪1,600)" },          "delta": [900, 1600] },
                { "value": "unknown", "label": { "he": "לא בטוח/ה" },                      "delta": [400, 800], "ui": { "silent_delta": true } }
              ]
            }
          ]
        }
      ]
    },

    {
      "id": "tiling",
      "label": { "he": "ריצוף/חיפוי" },
      "subtypes": [
        {
          "id": "floor_interior",
          "label": { "he": "ריצוף פנים" },
          "base_price": [1400, 2200],
          "result_note": { "he": "לא כולל אספקת אריחים. פירוק ישן/יישור מצע יחושבו לפי שאלות." },
          "questions": [
            {
              "id": "area",
              "text": { "he": "מה היקף השטח?" },
              "options": [
                { "value": "lt10",    "label": { "he": "עד 10 מ״ר" },                            "delta": [0, 0] },
                { "value": "10_25",   "label": { "he": "10–25 מ״ר (+₪1,200–₪2,000)" },            "delta": [1200, 2000] },
                { "value": "25_60",   "label": { "he": "25–60 מ״ר (+₪3,000–₪5,200)" },            "delta": [3000, 5200] },
                { "value": "gt60",    "label": { "he": "מעל 60 מ״ר (+₪5,200–₪9,000)" },           "delta": [5200, 9000] },
                { "value": "unknown", "label": { "he": "לא בטוח/ה" },                             "delta": [1500, 2800], "ui": { "silent_delta": true } }
              ]
            },
            {
              "id": "remove_old",
              "text": { "he": "פירוק ריצוף קיים?" },
              "options": [
                { "value": "no",      "label": { "he": "לא" },                                    "delta": [0, 0] },
                { "value": "yes",     "label": { "he": "כן (כולל פינוי) (+₪1,200–₪2,500)" },      "delta": [1200, 2500] },
                { "value": "unknown", "label": { "he": "לא בטוח/ה" },                             "delta": [800, 1600], "ui": { "silent_delta": true } }
              ]
            },
            {
              "id": "leveling",
              "text": { "he": "מצע/יישור רצפה נדרש?" },
              "options": [
                { "value": "no",      "label": { "he": "לא" },                                    "delta": [0, 0] },
                { "value": "skim",    "label": { "he": "שפיכת פילוס דקה (+₪700–₪1,400)" },        "delta": [700, 1400] },
                { "value": "screed",  "label": { "he": "מצע/סומסום/בטון (+₪1,500–₪3,000)" },      "delta": [1500, 3000] },
                { "value": "unknown", "label": { "he": "לא בטוח/ה" },                             "delta": [900, 1800], "ui": { "silent_delta": true } }
              ]
            },
            {
              "id": "tile_size",
              "text": { "he": "גודל אריח" },
              "options": [
                { "value": "std",     "label": { "he": "עד 60×60" },                               "delta": [0, 0] },
                { "value": "large",   "label": { "he": "80×80 / 120×60 (+₪600–₪1,200)" },          "delta": [600, 1200] },
                { "value": "xl",      "label": { "he": "גדול במיוחד (+₪1,200–₪2,400)" },           "delta": [1200, 2400] },
                { "value": "unknown", "label": { "he": "לא בטוח/ה" },                              "delta": [500, 1000], "ui": { "silent_delta": true } }
              ]
            }
          ]
        },
        {
          "id": "wall_bathroom",
          "label": { "he": "חיפוי קירות חדר רחצה" },
          "base_price": [1200, 2000],
          "questions": [
            {
              "id": "scope",
              "text": { "he": "היקף העבודה" },
              "options": [
                { "value": "shower",   "label": { "he": "אזור מקלחת/אמבט (+₪900–₪1,600)" },  "delta": [900, 1600] },
                { "value": "full",     "label": { "he": "כל החדר (+₪2,200–₪3,800)" },           "delta": [2200, 3800] },
                { "value": "unknown",  "label": { "he": "לא בטוח/ה" },                           "delta": [1400, 2400], "ui": { "silent_delta": true } }
              ]
            },
            {
              "id": "waterproof",
              "text": { "he": "איטום תשתית" },
              "options": [
                { "value": "no",      "label": { "he": "לא נדרש" },                              "delta": [0, 0] },
                { "value": "yes",     "label": { "he": "כן, שכבות איטום (+₪700–₪1,400)" },       "delta": [700, 1400] },
                { "value": "unknown", "label": { "he": "לא בטוח/ה" },                             "delta": [500, 900], "ui": { "silent_delta": true } }
              ]
            },
            {
              "id": "grout",
              "text": { "he": "רובה/מילוי פוגות" },
              "options": [
                { "value": "std",     "label": { "he": "רגילה" },                               "delta": [0, 0] },
                { "value": "epoxy",   "label": { "he": "אפוקסית (+₪400–₪900)" },                 "delta": [400, 900] },
                { "value": "unknown", "label": { "he": "לא בטוח/ה" },                            "delta": [250, 600], "ui": { "silent_delta": true } }
              ]
            }
          ]
        },
        {
          "id": "backsplash",
          "label": { "he": "חיפוי שיש/קרמיקה – מטבח" },
          "base_price": [700, 1200],
          "questions": [
            {
              "id": "length",
              "text": { "he": "אורך משוער" },
              "options": [
                { "value": "upto3",   "label": { "he": "עד 3 מ׳" },                           "delta": [0, 0] },
                { "value": "3to6",    "label": { "he": "3–6 מ׳ (+₪400–₪800)" },                "delta": [400, 800] },
                { "value": "gt6",     "label": { "he": "יותר מ־6 מ׳ (+₪800–₪1,500)" },         "delta": [800, 1500] },
                { "value": "unknown", "label": { "he": "לא בטוח/ה" },                          "delta": [300, 700], "ui": { "silent_delta": true } }
              ]
            },
            {
              "id": "cutouts",
              "text": { "he": "חיתוכים לשקעים/חלונות" },
              "options": [
                { "value": "few",     "label": { "he": "מעט" },                                  "delta": [0, 0] },
                { "value": "many",    "label": { "he": "רבים/מורכב (+₪300–₪700)" },             "delta": [300, 700] },
                { "value": "unknown", "label": { "he": "לא בטוח/ה" },                            "delta": [200, 500], "ui": { "silent_delta": true } }
              ]
            }
          ]
        },
        {
          "id": "tile_replace",
          "label": { "he": "החלפת מספר אריחים" },
          "base_price": [400, 700],
          "questions": [
            {
              "id": "count",
              "text": { "he": "כמה אריחים?" },
              "options": [
                { "value": "lt5",     "label": { "he": "עד 5" },                             "delta": [0, 0] },
                { "value": "5to12",   "label": { "he": "5–12 (+₪250–₪500)" },                 "delta": [250, 500] },
                { "value": "gt12",    "label": { "he": "יותר מ־12 (+₪500–₪900)" },            "delta": [500, 900] },
                { "value": "unknown", "label": { "he": "לא בטוח/ה" },                         "delta": [200, 400], "ui": { "silent_delta": true } }
              ]
            }
          ]
        }
      ]
    },

    {
      "id": "demolition",
      "label": { "he": "הריסה/פתיחת קיר" },
      "subtypes": [
        {
          "id": "remove_partition",
          "label": { "he": "הריסת קיר בלוקים/גבס (לא נושא)" },
          "base_price": [800, 1400],
          "result_note": { "he": "כולל פינוי שבר בכמות סבירה. קירות בטון/נושאים דורשים מהנדס והצעת מחיר נפרדת." },
          "questions": [
            {
              "id": "length",
              "text": { "he": "אורך/גובה משוער" },
              "options": [
                { "value": "small",   "label": { "he": "קטן (עד 3 מ׳)" },                         "delta": [0, 0] },
                { "value": "medium",  "label": { "he": "בינוני (3–6 מ׳) (+₪600–₪1,100)" },         "delta": [600, 1100] },
                { "value": "large",   "label": { "he": "גדול (מעל 6 מ׳) (+₪1,200–₪2,200)" },       "delta": [1200, 2200] },
                { "value": "unknown", "label": { "he": "לא בטוח/ה" },                              "delta": [500, 900], "ui": { "silent_delta": true } }
              ]
            },
            {
              "id": "finish",
              "text": { "he": "סגירה/טיח לאחר הריסה?" },
              "options": [
                { "value": "none",    "label": { "he": "לא צריך" },                               "delta": [0, 0] },
                { "value": "patch",   "label": { "he": "טלאי/יישור נקודתי (+₪400–₪800)" },         "delta": [400, 800] },
                { "value": "smooth",  "label": { "he": "החלקה מוכנה לצבע (+₪800–₪1,500)" },        "delta": [800, 1500] },
                { "value": "unknown", "label": { "he": "לא בטוח/ה" },                              "delta": [300, 600], "ui": { "silent_delta": true } }
              ]
            }
          ]
        },
        {
          "id": "open_wall",
          "label": { "he": "פתיחת מעבר/דלת בקיר (לא נושא)" },
          "base_price": [1000, 1700],
          "questions": [
            {
              "id": "size",
              "text": { "he": "גודל הפתח" },
              "options": [
                { "value": "door",    "label": { "he": "דלת סטנדרט" },                         "delta": [0, 0] },
                { "value": "wide",    "label": { "he": "מעבר רחב (+₪600–₪1,100)" },             "delta": [600, 1100] },
                { "value": "arch",    "label": { "he": "פתח מעוגל/דקורטיבי (+₪900–₪1,600)" },   "delta": [900, 1600] },
                { "value": "unknown", "label": { "he": "לא בטוח/ה" },                            "delta": [400, 800], "ui": { "silent_delta": true } }
              ]
            },
            {
              "id": "lintel",
              "text": { "he": "קורת תמיכה נדרשת?" },
              "options": [
                { "value": "no",      "label": { "he": "לא" },                                    "delta": [0, 0] },
                { "value": "yes",     "label": { "he": "כן (קורת פלדה) (+₪800–₪1,500)" },         "delta": [800, 1500] },
                { "value": "unknown", "label": { "he": "לא בטוח/ה" },                             "delta": [500, 900], "ui": { "silent_delta": true } }
              ]
            }
          ]
        },
        {
          "id": "remove_kitchen",
          "label": { "he": "פירוק מטבח קיים" },
          "base_price": [700, 1200],
          "questions": [
            {
              "id": "size",
              "text": { "he": "היקף המטבח" },
              "options": [
                { "value": "small",   "label": { "he": "קטן" },                                   "delta": [0, 0] },
                { "value": "medium",  "label": { "he": "בינוני (+₪400–₪800)" },                   "delta": [400, 800] },
                { "value": "large",   "label": { "he": "גדול (+₪800–₪1,500)" },                   "delta": [800, 1500] },
                { "value": "unknown", "label": { "he": "לא בטוח/ה" },                             "delta": [300, 600], "ui": { "silent_delta": true } }
              ]
            },
            {
              "id": "disposal",
              "text": { "he": "פינוי לאתר מורשה" },
              "options": [
                { "value": "no",      "label": { "he": "לא" },                                    "delta": [0, 0] },
                { "value": "yes",     "label": { "he": "כן (+₪500–₪1,000)" },                     "delta": [500, 1000] },
                { "value": "unknown", "label": { "he": "לא בטוח/ה" },                             "delta": [300, 700], "ui": { "silent_delta": true } }
              ]
            }
          ]
        }
      ]
    },

    {
      "id": "floor_leveling",
      "label": { "he": "יישור/יציקה דקה" },
      "subtypes": [
        {
          "id": "self_level",
          "label": { "he": "שפיכת פילוס (Self-Leveling)" },
          "base_price": [800, 1300],
          "questions": [
            {
              "id": "room",
              "text": { "he": "שטח החדר" },
              "options": [
                { "value": "lt12",    "label": { "he": "עד 12 מ״ר" },                           "delta": [0, 0] },
                { "value": "12_25",   "label": { "he": "12–25 מ״ר (+₪600–₪1,000)" },             "delta": [600, 1000] },
                { "value": "gt25",    "label": { "he": "מעל 25 מ״ר (+₪1,200–₪2,200)" },          "delta": [1200, 2200] },
                { "value": "unknown", "label": { "he": "לא בטוח/ה" },                            "delta": [500, 900], "ui": { "silent_delta": true } }
              ]
            },
            {
              "id": "thickness",
              "text": { "he": "עובי משוער" },
              "options": [
                { "value": "thin",    "label": { "he": "3–6 מ״מ" },                               "delta": [0, 0] },
                { "value": "mid",     "label": { "he": "6–12 מ״מ (+₪400–₪800)" },                  "delta": [400, 800] },
                { "value": "thick",   "label": { "he": "12–20+ מ״מ (+₪800–₪1,500)" },              "delta": [800, 1500] },
                { "value": "unknown", "label": { "he": "לא בטוח/ה" },                              "delta": [400, 900], "ui": { "silent_delta": true } }
              ]
            }
          ]
        }
      ]
    },

    {
      "id": "laminate",
      "label": { "he": "התקנת למינציה/פרקט" },
      "subtypes": [
        {
          "id": "laminate_room",
          "label": { "he": "חדר בודד" },
          "base_price": [700, 1100],
          "result_note": { "he": "לא כולל אספקת הלוחות. כולל ספוג/ספי דלת לפי הצורך בתוספת." },
          "questions": [
            {
              "id": "area",
              "text": { "he": "גודל החדר" },
              "options": [
                { "value": "lt10",    "label": { "he": "עד 10 מ״ר" },                     "delta": [0, 0] },
                { "value": "10_15",   "label": { "he": "10–15 מ״ר (+₪250–₪450)" },         "delta": [250, 450] },
                { "value": "gt15",    "label": { "he": "מעל 15 מ״ר (+₪450–₪900)" },        "delta": [450, 900] },
                { "value": "unknown", "label": { "he": "לא בטוח/ה" },                      "delta": [250, 500], "ui": { "silent_delta": true } }
              ]
            },
            {
              "id": "prep",
              "text": { "he": "פירוק/פינוי ריצוף/הכנה" },
              "options": [
                { "value": "none",    "label": { "he": "לא צריך" },                        "delta": [0, 0] },
                { "value": "remove",  "label": { "he": "פירוק/פינוי (+₪400–₪800)" },       "delta": [400, 800] },
                { "value": "level",   "label": { "he": "יישור נקודתי (+₪300–₪600)" },      "delta": [300, 600] },
                { "value": "unknown", "label": { "he": "לא בטוח/ה" },                       "delta": [250, 500], "ui": { "silent_delta": true } }
              ]
            }
          ]
        },
        {
          "id": "laminate_apartment",
          "label": { "he": "מספר חדרים/דירה" },
          "base_price": [1500, 2400],
          "questions": [
            {
              "id": "rooms",
              "text": { "he": "כמה חדרים?" },
              "options": [
                { "value": "2",       "label": { "he": "2 חדרים (+₪800–₪1,400)" },         "delta": [800, 1400] },
                { "value": "3",       "label": { "he": "3 חדרים (+₪1,500–₪2,600)" },        "delta": [1500, 2600] },
                { "value": "4plus",   "label": { "he": "4 ומעלה (+₪2,600–₪4,200)" },        "delta": [2600, 4200] },
                { "value": "unknown", "label": { "he": "לא בטוח/ה" },                       "delta": [1200, 2200], "ui": { "silent_delta": true } }
              ]
            }
          ]
        }
      ]
    },

    {
      "id": "plaster",
      "label": { "he": "טיח/שפכטל והכנה לצבע" },
      "subtypes": [
        {
          "id": "skim_room",
          "label": { "he": "החלקת קירות חדר" },
          "base_price": [700, 1100],
          "questions": [
            {
              "id": "state",
              "text": { "he": "מצב הקירות" },
              "options": [
                { "value": "minor",   "label": { "he": "תיקונים קלים" },                         "delta": [0, 0] },
                { "value": "medium",  "label": { "he": "סדקים/גלים – בינוני (+₪400–₪800)" },      "delta": [400, 800] },
                { "value": "heavy",   "label": { "he": "החלקה מלאה (+₪800–₪1,500)" },             "delta": [800, 1500] },
                { "value": "unknown", "label": { "he": "לא בטוח/ה" },                              "delta": [400, 900], "ui": { "silent_delta": true } }
              ]
            },
            {
              "id": "mold",
              "text": { "he": "עובש/רטיבות" },
              "options": [
                { "value": "no",      "label": { "he": "לא" },                                    "delta": [0, 0] },
                { "value": "yes",     "label": { "he": "כן, טיפול ממוקד (+₪300–₪600)" },          "delta": [300, 600] },
                { "value": "unknown", "label": { "he": "לא בטוח/ה" },                             "delta": [200, 400], "ui": { "silent_delta": true } }
              ]
            }
          ]
        },
        {
          "id": "crack_repair",
          "label": { "he": "תיקון סדקים/פינות" },
          "base_price": [350, 600],
          "questions": [
            {
              "id": "amount",
              "text": { "he": "כמות" },
              "options": [
                { "value": "few",     "label": { "he": "מעט" },                                 "delta": [0, 0] },
                { "value": "some",    "label": { "he": "בינוני (+₪200–₪400)" },                 "delta": [200, 400] },
                { "value": "many",    "label": { "he": "הרבה (+₪400–₪800)" },                   "delta": [400, 800] },
                { "value": "unknown", "label": { "he": "לא בטוח/ה" },                           "delta": [200, 400], "ui": { "silent_delta": true } }
              ]
            }
          ]
        }
      ]
    },

    {
      "id": "bathroom",
      "label": { "he": "שיפוץ חדר רחצה (קטן/בינוני)" },
      "subtypes": [
        {
          "id": "partial_refresh",
          "label": { "he": "חידוש חלקי" },
          "base_price": [2500, 4200],
          "result_note": { "he": "כולל פירוקים נקודתיים, חידוש חיפוי/כלים סניטריים חלקי." },
          "questions": [
            {
              "id": "scope",
              "text": { "he": "מה כולל?" },
              "options": [
                { "value": "tiling",   "label": { "he": "חיפוי/ריצוף חלקי (+₪1,200–₪2,200)" },     "delta": [1200, 2200] },
                { "value": "sanitary", "label": { "he": "החלפת כיור/ברז/אסלה (+₪900–₪1,800)" },     "delta": [900, 1800] },
                { "value": "shower",   "label": { "he": "החלפת מקלחון/אמבט (+₪1,400–₪2,600)" },     "delta": [1400, 2600] },
                { "value": "unknown",  "label": { "he": "לא בטוח/ה" },                               "delta": [1000, 2000], "ui": { "silent_delta": true } }
              ]
            },
            {
              "id": "waterproof",
              "text": { "he": "איטום אזור רטוב" },
              "options": [
                { "value": "no",      "label": { "he": "לא" },                                       "delta": [0, 0] },
                { "value": "yes",     "label": { "he": "כן (+₪900–₪1,600)" },                        "delta": [900, 1600] },
                { "value": "unknown", "label": { "he": "לא בטוח/ה" },                                "delta": [700, 1200], "ui": { "silent_delta": true } }
              ]
            }
          ]
        },
        {
          "id": "full_small",
          "label": { "he": "שיפוץ מלא – חדר קטן" },
          "base_price": [6500, 9500],
          "result_note": { "he": "כולל פירוקים, הכנות, ריצוף/חיפוי, אינסטלציה חשופה. אספקת כלים/אריחים – תוספת." },
          "questions": [
            {
              "id": "size",
              "text": { "he": "גודל" },
              "options": [
                { "value": "small",   "label": { "he": "עד 3.5 מ״ר" },                           "delta": [0, 0] },
                { "value": "med",     "label": { "he": "3.5–5.5 מ״ר (+₪1,500–₪2,800)" },           "delta": [1500, 2800] },
                { "value": "unknown", "label": { "he": "לא בטוח/ה" },                              "delta": [900, 1800], "ui": { "silent_delta": true } }
              ]
            },
            {
              "id": "plumbing",
              "text": { "he": "שינויי אינסטלציה" },
              "options": [
                { "value": "minor",   "label": { "he": "מינוריים (+₪600–₪1,200)" },               "delta": [600, 1200] },
                { "value": "major",   "label": { "he": "שינוי תוואי/הזזות (+₪1,800–₪3,200)" },     "delta": [1800, 3200] },
                { "value": "unknown", "label": { "he": "לא בטוח/ה" },                              "delta": [900, 1800], "ui": { "silent_delta": true } }
              ]
            }
          ]
        }
      ]
    }
  ]
}
