{
  "category": "electricity",
  "base_price": [250, 400],
  "result_note": {
    "ru": "Показанная цена — ориентировочный диапазон на основе ваших ответов и типичных расценок по рынку. Итоговая стоимость определяется на месте и зависит от доступа, сложности работ, материалов/запчастей, требований норм и условий выполнения."
  },
  "jobs": [
    {
      "id": "fault",
      "label": { "ru": "Неисправность электрики / короткое замыкание" },
      "subtypes": [
        {
          "id": "partial_outage",
          "label": { "ru": "Отключение питания — часть дома" },
          "base_price": [280, 420],
          "result_note": { "ru": "Включает диагностику в щите/по контурам. Запчасти не включены." },
          "questions": [
            {
              "id": "scope",
              "text": { "ru": "Сколько зон затронуто?" },
              "options": [
                { "value": "one_room",  "label": { "ru": "Одна комната / одна точка" }, "delta": [0, 0] },
                { "value": "multi",     "label": { "ru": "Несколько комнат/контуров (+₪80–₪140)" }, "delta": [80, 140] },
                { "value": "unknown",   "label": { "ru": "Не уверен(а)" }, "delta": [40, 90], "ui": { "silent_delta": true } }
              ]
            },
            {
              "id": "trip_type",
              "text": { "ru": "Что срабатывает в щите?" },
              "options": [
                { "value": "breaker", "label": { "ru": "Автомат (MCB/предохранитель)" }, "delta": [0, 0] },
                { "value": "rcd",     "label": { "ru": "УЗО / дифф. выключатель (+₪60–₪110)" }, "delta": [60, 110] },
                { "value": "unknown", "label": { "ru": "Не уверен(а)" }, "delta": [40, 90], "ui": { "silent_delta": true } }
              ]
            },
            {
              "id": "appliance",
              "text": { "ru": "Происходит ли это при подключении конкретного прибора?" },
              "options": [
                { "value": "no",      "label": { "ru": "Конкретный прибор не выявлен" }, "delta": [0, 0] },
                { "value": "yes",     "label": { "ru": "Да, есть «проблемный» прибор (+₪30–₪70)" }, "delta": [30, 70] },
                { "value": "unknown", "label": { "ru": "Не уверен(а)" }, "delta": [20, 50], "ui": { "silent_delta": true } }
              ]
            },
            {
              "id": "urgency",
              "text": { "ru": "Срочность" },
              "options": [
                { "value": "normal",  "label": { "ru": "Обычное время (без наценки)" }, "delta": [0, 0] },
                { "value": "evening", "label": { "ru": "Вечер / выходные" }, "multiplier": 1.5 }
              ]
            }
          ]
        },
        {
          "id": "full_outage",
          "label": { "ru": "Отключение питания — весь дом" },
          "base_price": [320, 520],
          "questions": [
            {
              "id": "main_state",
              "text": { "ru": "Главный выключатель/вводной автомат во включенном положении?" },
              "options": [
                { "value": "on",      "label": { "ru": "Да" }, "delta": [0, 0] },
                { "value": "off",     "label": { "ru": "Нет / выбивает (+₪80–₪140)" }, "delta": [80, 140] },
                { "value": "unknown", "label": { "ru": "Не уверен(а)" }, "delta": [40, 90], "ui": { "silent_delta": true } }
              ]
            },
            {
              "id": "iec",
              "text": { "ru": "Проверяли у поставщика электроэнергии (внешняя подача)?" },
              "options": [
                { "value": "done",    "label": { "ru": "Да — неисправность в квартире/доме" }, "delta": [0, 0] },
                { "value": "not_yet", "label": { "ru": "Пока нет (+₪30–₪60)" }, "delta": [30, 60] },
                { "value": "unknown", "label": { "ru": "Не уверен(а)" }, "delta": [30, 60], "ui": { "silent_delta": true } }
              ]
            },
            {
              "id": "urgency",
              "text": { "ru": "Срочность" },
              "options": [
                { "value": "normal",  "label": { "ru": "Обычное время (без наценки)" }, "delta": [0, 0] },
                { "value": "evening", "label": { "ru": "Вечер / выходные" }, "multiplier": 1.5 }
              ]
            }
          ]
        },
        {
          "id": "rcd_tripping",
          "label": { "ru": "Выбивает УЗО" },
          "base_price": [300, 500],
          "result_note": { "ru": "Возможно потребуется замена УЗО и/или устранение утечки/изоляции." },
          "questions": [
            {
              "id": "immediate",
              "text": { "ru": "УЗО срабатывает сразу при включении?" },
              "options": [
                { "value": "no",      "label": { "ru": "Нет, лишь иногда" }, "delta": [0, 0] },
                { "value": "yes",     "label": { "ru": "Да, сразу (+₪70–₪120)" }, "delta": [70, 120] },
                { "value": "unknown", "label": { "ru": "Не уверен(а)" }, "delta": [40, 90], "ui": { "silent_delta": true } }
              ]
            },
            {
              "id": "wet",
              "text": { "ru": "Есть ли сырость/влага в ванной/на улице?" },
              "options": [
                { "value": "no",      "label": { "ru": "Нет" }, "delta": [0, 0] },
                { "value": "yes",     "label": { "ru": "Да / возможно (+₪50–₪100)" }, "delta": [50, 100] },
                { "value": "unknown", "label": { "ru": "Не уверен(а)" }, "delta": [30, 70], "ui": { "silent_delta": true } }
              ]
            },
            {
              "id": "urgency",
              "text": { "ru": "Срочность" },
              "options": [
                { "value": "normal",  "label": { "ru": "Обычное время (без наценки)" }, "delta": [0, 0] },
                { "value": "evening", "label": { "ru": "Вечер / выходные" }, "multiplier": 1.5 }
              ]
            }
          ]
        }
      ]
    },

    {
      "id": "socket_switch",
      "label": { "ru": "Розетки и выключатели" },
      "subtypes": [
        {
          "id": "replace_socket",
          "label": { "ru": "Замена розетки" },
          "base_price": [240, 360],
          "result_note": { "ru": "Не включает розетки премиум-брендов — при необходимости можем поставить свои." },
          "questions": [
            {
              "id": "qty",
              "text": { "ru": "Сколько розеток?" },
              "options": [
                { "value": "1",      "label": { "ru": "Одна" }, "delta": [0, 0] },
                { "value": "2_3",    "label": { "ru": "2–3 (+₪120–₪200)" }, "delta": [120, 200] },
                { "value": "4_plus", "label": { "ru": "4 и более (+₪220–₪380)" }, "delta": [220, 380] }
              ]
            },
            {
              "id": "wet",
              "text": { "ru": "Влажное место/улица (IP44+)" },
              "options": [
                { "value": "no",      "label": { "ru": "Нет" }, "delta": [0, 0] },
                { "value": "yes",     "label": { "ru": "Да — улица/ванная (+₪60–₪120)" }, "delta": [60, 120] },
                { "value": "unknown", "label": { "ru": "Не уверен(а)" }, "delta": [40, 80], "ui": { "silent_delta": true } }
              ]
            },
            {
              "id": "supply",
              "text": { "ru": "Поставка розетки" },
              "options": [
                { "value": "client",  "label": { "ru": "Предоставлю сам(а)" }, "delta": [0, 0] },
                { "value": "basic",   "label": { "ru": "Базовая поставка (+₪30–₪60)" }, "delta": [30, 60] },
                { "value": "quality", "label": { "ru": "Бренд/дизайнер (+₪70–₪140)" }, "delta": [70, 140] }
              ]
            }
          ]
        },
        {
          "id": "add_socket_surface",
          "label": { "ru": "Добавить розетку — накладной монтаж" },
          "base_price": [320, 520],
          "questions": [
            {
              "id": "length",
              "text": { "ru": "Расстояние от линии питания (оценка)" },
              "options": [
                { "value": "short",   "label": { "ru": "До ~2 м" }, "delta": [0, 0] },
                { "value": "medium",  "label": { "ru": "2–5 м (+₪80–₪150)" }, "delta": [80, 150] },
                { "value": "long",    "label": { "ru": "5–10 м (+₪160–₪280)" }, "delta": [160, 280] },
                { "value": "unknown", "label": { "ru": "Не уверен(а)" }, "delta": [100, 200], "ui": { "silent_delta": true } }
              ]
            },
            {
              "id": "supply",
              "text": { "ru": "Поставка короба/коробки/розетки" },
              "options": [
                { "value": "client",  "label": { "ru": "Поставлю сам(а)" }, "delta": [0, 0] },
                { "value": "yes",     "label": { "ru": "Поставка с нашей стороны (+₪80–₪140)" }, "delta": [80, 140] },
                { "value": "unknown", "label": { "ru": "Не уверен(а)" }, "delta": [60, 120], "ui": { "silent_delta": true } }
              ]
            }
          ]
        },
        {
          "id": "add_socket_chase",
          "label": { "ru": "Добавить розетку — штроба/скрытый монтаж" },
          "base_price": [380, 700],
          "result_note": { "ru": "Включает лёгкую штробу и точечный ремонт. Плитка/особые материалы могут увеличить цену." },
          "questions": [
            {
              "id": "length",
              "text": { "ru": "Расстояние/длина канала (оценка)" },
              "options": [
                { "value": "short",   "label": { "ru": "До ~2 м" }, "delta": [0, 0] },
                { "value": "medium",  "label": { "ru": "2–5 м (+₪100–₪180)" }, "delta": [100, 180] },
                { "value": "long",    "label": { "ru": "5–10 м (+₪200–₪340)" }, "delta": [200, 340] },
                { "value": "unknown", "label": { "ru": "Не уверен(а)" }, "delta": [120, 220], "ui": { "silent_delta": true } }
              ]
            },
            {
              "id": "wall",
              "text": { "ru": "Тип стены" },
              "options": [
                { "value": "gypsum",  "label": { "ru": "Гипсокартон" }, "delta": [0, 0] },
                { "value": "block",   "label": { "ru": "Блок/штукатурка (+₪60–₪110)" }, "delta": [60, 110] },
                { "value": "ceramic", "label": { "ru": "Керамическая облицовка (+₪120–₪220)" }, "delta": [120, 220] },
                { "value": "unknown", "label": { "ru": "Не уверен(а)" }, "delta": [80, 160], "ui": { "silent_delta": true } }
              ]
            },
            {
              "id": "supply",
              "text": { "ru": "Поставка трубы/коробки/розетки" },
              "options": [
                { "value": "client",  "label": { "ru": "Поставлю сам(а)" }, "delta": [0, 0] },
                { "value": "yes",     "label": { "ru": "Поставка с нашей стороны (+₪100–₪180)" }, "delta": [100, 180] },
                { "value": "unknown", "label": { "ru": "Не уверен(а)" }, "delta": [80, 150], "ui": { "silent_delta": true } }
              ]
            }
          ]
        },
        {
          "id": "replace_switch",
          "label": { "ru": "Замена выключателя света" },
          "base_price": [200, 320],
          "questions": [
            {
              "id": "gangs",
              "text": { "ru": "Сколько клавиш?" },
              "options": [
                { "value": "single",  "label": { "ru": "Одинарный" }, "delta": [0, 0] },
                { "value": "double",  "label": { "ru": "Двойной (+₪30–₪60)" }, "delta": [30, 60] },
                { "value": "triple",  "label": { "ru": "Тройной (+₪60–₪110)" }, "delta": [60, 110] }
              ]
            },
            {
              "id": "supply",
              "text": { "ru": "Поставка выключателя" },
              "options": [
                { "value": "client",  "label": { "ru": "Предоставлю сам(а)" }, "delta": [0, 0] },
                { "value": "basic",   "label": { "ru": "Базовая поставка (+₪30–₪60)" }, "delta": [30, 60] },
                { "value": "quality", "label": { "ru": "Бренд/дизайнер (+₪70–₪140)" }, "delta": [70, 140] }
              ]
            }
          ]
        },
        {
          "id": "install_dimmer",
          "label": { "ru": "Установка диммера" },
          "base_price": [260, 420],
          "questions": [
            {
              "id": "led",
              "text": { "ru": "Совместим с LED?" },
              "options": [
                { "value": "yes",     "label": { "ru": "Да / LED-совместимый" }, "delta": [0, 0] },
                { "value": "no",      "label": { "ru": "Обычный диммер" }, "delta": [0, 0] },
                { "value": "unknown", "label": { "ru": "Не уверен(а)" }, "delta": [20, 40], "ui": { "silent_delta": true } }
              ]
            },
            {
              "id": "supply",
              "text": { "ru": "Поставка диммера" },
              "options": [
                { "value": "client",  "label": { "ru": "Поставлю сам(а)" }, "delta": [0, 0] },
                { "value": "basic",   "label": { "ru": "Базовая поставка (+₪60–₪100)" }, "delta": [60, 100] },
                { "value": "quality", "label": { "ru": "Бренд/премиум (+₪120–₪200)" }, "delta": [120, 200] }
              ]
            }
          ]
        }
      ]
    },

    {
      "id": "lighting",
      "label": { "ru": "Освещение и светильники" },
      "subtypes": [
        {
          "id": "replace_fixture",
          "label": { "ru": "Замена существующего светильника" },
          "base_price": [180, 320],
          "questions": [
            {
              "id": "qty",
              "text": { "ru": "Сколько светильников?" },
              "options": [
                { "value": "1",      "label": { "ru": "1" }, "delta": [0, 0] },
                { "value": "2_3",    "label": { "ru": "2–3 (+₪120–₪200)" }, "delta": [120, 200] },
                { "value": "4_plus", "label": { "ru": "4 и более (+₪220–₪360)" }, "delta": [220, 360] }
              ]
            },
            {
              "id": "height",
              "text": { "ru": "Высота потолка/доступ" },
              "options": [
                { "value": "std",     "label": { "ru": "Обычный (до ~2,8 м)" }, "delta": [0, 0] },
                { "value": "high",    "label": { "ru": "Высокий / нужен стремянка (+₪60–₪120)" }, "delta": [60, 120] },
                { "value": "unknown", "label": { "ru": "Не уверен(а)" }, "delta": [40, 90], "ui": { "silent_delta": true } }
              ]
            }
          ]
        },
        {
          "id": "chandelier_heavy",
          "label": { "ru": "Люстра / тяжёлый светильник" },
          "base_price": [280, 520],
          "questions": [
            {
              "id": "weight",
              "text": { "ru": "Вес/крепление" },
              "options": [
                { "value": "light",   "label": { "ru": "До ~5 кг" }, "delta": [0, 0] },
                { "value": "heavy",   "label": { "ru": "Тяжёлый / спец. крепление (+₪120–₪220)" }, "delta": [120, 220] },
                { "value": "unknown", "label": { "ru": "Не уверен(а)" }, "delta": [80, 160], "ui": { "silent_delta": true } }
              ]
            },
            {
              "id": "height",
              "text": { "ru": "Высота потолка" },
              "options": [
                { "value": "std",     "label": { "ru": "Обычная" }, "delta": [0, 0] },
                { "value": "high",    "label": { "ru": "Высокая (+₪60–₪120)" }, "delta": [60, 120] },
                { "value": "unknown", "label": { "ru": "Не уверен(а)" }, "delta": [40, 90], "ui": { "silent_delta": true } }
              ]
            }
          ]
        },
        {
          "id": "recessed_spot",
          "label": { "ru": "Встраиваемые споты / потолок из ГКЛ" },
          "base_price": [300, 550],
          "result_note": { "ru": "Включает подключение к существующей точке. Добавление контура/трансформаторов — за доплату." },
          "questions": [
            {
              "id": "qty",
              "text": { "ru": "Сколько спотов?" },
              "options": [
                { "value": "1",       "label": { "ru": "1" }, "delta": [0, 0] },
                { "value": "2_4",     "label": { "ru": "2–4 (+₪120–₪220)" }, "delta": [120, 220] },
                { "value": "5_8",     "label": { "ru": "5–8 (+₪240–₪420)" }, "delta": [240, 420] },
                { "value": "unknown", "label": { "ru": "Не уверен(а)" }, "delta": [120, 220], "ui": { "silent_delta": true } }
              ]
            },
            {
              "id": "ceiling",
              "text": { "ru": "Тип потолка" },
              "options": [
                { "value": "drywall", "label": { "ru": "Гипсокартон" }, "delta": [0, 0] },
                { "value": "concrete","label": { "ru": "Бетон (+₪120–₪220)" }, "delta": [120, 220] },
                { "value": "unknown", "label": { "ru": "Не уверен(а)" }, "delta": [80, 150], "ui": { "silent_delta": true } }
              ]
            }
          ]
        },
        {
          "id": "ceiling_fan",
          "label": { "ru": "Установка потолочного вентилятора" },
          "base_price": [280, 550],
          "questions": [
            {
              "id": "point",
              "text": { "ru": "Есть готовая точка питания в потолке?" },
              "options": [
                { "value": "yes",     "label": { "ru": "Да" }, "delta": [0, 0] },
                { "value": "no",      "label": { "ru": "Нет — нужна подготовка (+₪120–₪220)" }, "delta": [120, 220] },
                { "value": "unknown", "label": { "ru": "Не уверен(а)" }, "delta": [80, 150], "ui": { "silent_delta": true } }
              ]
            },
            {
              "id": "height",
              "text": { "ru": "Высота/доступ" },
              "options": [
                { "value": "std",     "label": { "ru": "Обычная" }, "delta": [0, 0] },
                { "value": "high",    "label": { "ru": "Высокая (+₪60–₪120)" }, "delta": [60, 120] },
                { "value": "unknown", "label": { "ru": "Не уверен(а)" }, "delta": [40, 90], "ui": { "silent_delta": true } }
              ]
            }
          ]
        }
      ]
    },

    {
      "id": "panel",
      "label": { "ru": "Электрощит / автоматы" },
      "subtypes": [
        {
          "id": "replace_breaker",
          "label": { "ru": "Замена автомата (MCB)" },
          "base_price": [280, 500],
          "questions": [
            {
              "id": "poles",
              "text": { "ru": "Тип автомата" },
              "options": [
                { "value": "1p",      "label": { "ru": "Однополюсный" }, "delta": [0, 0] },
                { "value": "3p",      "label": { "ru": "Трёхполюсный (+₪100–₪180)" }, "delta": [100, 180] },
                { "value": "unknown", "label": { "ru": "Не уверен(а)" }, "delta": [60, 120], "ui": { "silent_delta": true } }
              ]
            },
            {
              "id": "brand",
              "text": { "ru": "Уровень/бренд запчасти" },
              "options": [
                { "value": "basic",   "label": { "ru": "Базовый" }, "delta": [0, 0] },
                { "value": "quality", "label": { "ru": "Бренд/оригинал (+₪60–₪120)" }, "delta": [60, 120] },
                { "value": "unknown", "label": { "ru": "Не уверен(а)" }, "delta": [40, 90], "ui": { "silent_delta": true } }
              ]
            }
          ]
        },
        {
          "id": "replace_rcd",
          "label": { "ru": "Замена УЗО (дифф. выключатель)" },
          "base_price": [450, 700],
          "questions": [
            {
              "id": "phase",
              "text": { "ru": "Однофазный/трёхфазный?" },
              "options": [
                { "value": "1p",      "label": { "ru": "Однофазный" }, "delta": [0, 0] },
                { "value": "3p",      "label": { "ru": "Трёхфазный (+₪120–₪200)" }, "delta": [120, 200] },
                { "value": "unknown", "label": { "ru": "Не уверен(а)" }, "delta": [80, 150], "ui": { "silent_delta": true } }
              ]
            },
            {
              "id": "brand",
              "text": { "ru": "Бренд" },
              "options": [
                { "value": "basic",   "label": { "ru": "Базовый" }, "delta": [0, 0] },
                { "value": "quality", "label": { "ru": "Бренд/оригинал (+₪80–₪150)" }, "delta": [80, 150] },
                { "value": "unknown", "label": { "ru": "Не уверен(а)" }, "delta": [60, 120], "ui": { "silent_delta": true } }
              ]
            }
          ]
        },
        {
          "id": "add_circuit",
          "label": { "ru": "Добавить контур в щите" },
          "base_price": [450, 900],
          "questions": [
            {
              "id": "length",
              "text": { "ru": "Оценочное расстояние до потребителя" },
              "options": [
                { "value": "short",   "label": { "ru": "До ~5 м" }, "delta": [0, 0] },
                { "value": "medium",  "label": { "ru": "5–15 м (+₪150–₪280)" }, "delta": [150, 280] },
                { "value": "long",    "label": { "ru": "Более 15 м (+₪280–₪480)" }, "delta": [280, 480] },
                { "value": "unknown", "label": { "ru": "Не уверен(а)" }, "delta": [180, 340], "ui": { "silent_delta": true } }
              ]
            },
            {
              "id": "phase",
              "text": { "ru": "Одно-/трёхфазный" },
              "options": [
                { "value": "1p", "label": { "ru": "Однофазный" }, "delta": [0, 0] },
                { "value": "3p", "label": { "ru": "Трёхфазный (+₪120–₪220)" }, "delta": [120, 220] }
              ]
            }
          ]
        },
        {
          "id": "replace_panel_single",
          "label": { "ru": "Замена щита — однофазный" },
          "base_price": [1200, 2000],
          "result_note": { "ru": "Включает щит, соответствующий нормам, с автоматами. При необходимости протоколы испытаний/согласования с поставщиком — за доплату." },
          "questions": [
            {
              "id": "circuits",
              "text": { "ru": "Сколько контуров в щите?" },
              "options": [
                { "value": "up_to8",  "label": { "ru": "До 8" }, "delta": [0, 0] },
                { "value": "9_14",    "label": { "ru": "9–14 (+₪250–₪450)" }, "delta": [250, 450] },
                { "value": "15_plus", "label": { "ru": "15+ (+₪450–₪750)" }, "delta": [450, 750] }
              ]
            },
            {
              "id": "relocate",
              "text": { "ru": "Переносить щит?" },
              "options": [
                { "value": "no",      "label": { "ru": "Нет" }, "delta": [0, 0] },
                { "value": "yes",     "label": { "ru": "Да (+₪300–₪600)" }, "delta": [300, 600] },
                { "value": "unknown", "label": { "ru": "Не уверен(а)" }, "delta": [200, 400], "ui": { "silent_delta": true } }
              ]
            }
          ]
        },
        {
          "id": "replace_panel_three",
          "label": { "ru": "Замена щита — трёхфазный" },
          "base_price": [2000, 3500],
          "questions": [
            {
              "id": "circuits",
              "text": { "ru": "Сколько контуров в щите?" },
              "options": [
                { "value": "up_to12", "label": { "ru": "До 12" }, "delta": [0, 0] },
                { "value": "13_20",   "label": { "ru": "13–20 (+₪300–₪600)" }, "delta": [300, 600] },
                { "value": "21_plus", "label": { "ru": "21+ (+₪600–₪1000)" }, "delta": [600, 1000] }
              ]
            },
            {
              "id": "relocate",
              "text": { "ru": "Переносить щит?" },
              "options": [
                { "value": "no",      "label": { "ru": "Нет" }, "delta": [0, 0] },
                { "value": "yes",     "label": { "ru": "Да (+₪400–₪800)" }, "delta": [400, 800] },
                { "value": "unknown", "label": { "ru": "Не уверен(а)" }, "delta": [300, 600], "ui": { "silent_delta": true } }
              ]
            }
          ]
        }
      ]
    },

    {
      "id": "dedicated_line",
      "label": { "ru": "Выделенная линия / силовая розетка" },
      "subtypes": [
        {
          "id": "ac_line",
          "label": { "ru": "Линия для кондиционера / силовой розетки" },
          "base_price": [600, 900],
          "result_note": { "ru": "Включает автомат и силовую розетку. Длина/трасса могут увеличить стоимость." },
          "questions": [
            {
              "id": "length",
              "text": { "ru": "Оценочное расстояние от щита потребителей" },
              "options": [
                { "value": "short",   "label": { "ru": "До 5 м" }, "delta": [0, 0] },
                { "value": "medium",  "label": { "ru": "5–15 м (+₪180–₪320)" }, "delta": [180, 320] },
                { "value": "long",    "label": { "ru": "Более 15 м (+₪320–₪520)" }, "delta": [320, 520] },
                { "value": "unknown", "label": { "ru": "Не уверен(а)" }, "delta": [220, 380], "ui": { "silent_delta": true } }
              ]
            },
            {
              "id": "phase",
              "text": { "ru": "Одно-/трёхфазный (при необходимости)" },
              "options": [
                { "value": "1p", "label": { "ru": "Однофазный" }, "delta": [0, 0] },
                { "value": "3p", "label": { "ru": "Трёхфазный (+₪180–₪320)" }, "delta": [180, 320] }
              ]
            }
          ]
        },
        {
          "id": "oven_line",
          "label": { "ru": "Линия для духового шкафа" },
          "base_price": [600, 900],
          "questions": [
            {
              "id": "length",
              "text": { "ru": "Расстояние/трасса" },
              "options": [
                { "value": "short",   "label": { "ru": "До 5 м" }, "delta": [0, 0] },
                { "value": "medium",  "label": { "ru": "5–15 м (+₪160–₪300)" }, "delta": [160, 300] },
                { "value": "long",    "label": { "ru": "Более 15 м (+₪300–₪480)" }, "delta": [300, 480] },
                { "value": "unknown", "label": { "ru": "Не уверен(а)" }, "delta": [200, 360], "ui": { "silent_delta": true } }
              ]
            },
            {
              "id": "socket",
              "text": { "ru": "Силовая розетка включена?" },
              "options": [
                { "value": "client",  "label": { "ru": "Предоставлю сам(а)" }, "delta": [0, 0] },
                { "value": "supply",  "label": { "ru": "Поставка+монтаж (+₪120–₪200)" }, "delta": [120, 200] },
                { "value": "unknown", "label": { "ru": "Не уверен(а)" }, "delta": [80, 150], "ui": { "silent_delta": true } }
              ]
            }
          ]
        },
        {
          "id": "induction_line",
          "label": { "ru": "Линия для индукционной варочной панели" },
          "base_price": [900, 1400],
          "result_note": { "ru": "Часто требуется трёхфазное питание и кабель большего сечения." },
          "questions": [
            {
              "id": "phase",
              "text": { "ru": "Одно-/трёхфазный" },
              "options": [
                { "value": "1p", "label": { "ru": "Однофазный" }, "delta": [0, 0] },
                { "value": "3p", "label": { "ru": "Трёхфазный (+₪250–₪420)" }, "delta": [250, 420] }
              ]
            },
            {
              "id": "length",
              "text": { "ru": "Расстояние/трасса" },
              "options": [
                { "value": "short",   "label": { "ru": "До 5 м" }, "delta": [0, 0] },
                { "value": "medium",  "label": { "ru": "5–15 м (+₪200–₪360)" }, "delta": [200, 360] },
                { "value": "long",    "label": { "ru": "Более 15 м (+₪360–₪600)" }, "delta": [360, 600] }
              ]
            }
          ]
        },
        {
          "id": "dryer_line",
          "label": { "ru": "Линия для сушильной машины" },
          "base_price": [500, 800],
          "questions": [
            {
              "id": "length",
              "text": { "ru": "Расстояние от щита/точки питания" },
              "options": [
                { "value": "short",  "label": { "ru": "До 5 м" }, "delta": [0, 0] },
                { "value": "medium", "label": { "ru": "5–15 м (+₪140–₪260)" }, "delta": [140, 260] },
                { "value": "long",   "label": { "ru": "Более 15 м (+₪260–₪420)" }, "delta": [260, 420] }
              ]
            }
          ]
        },
        {
          "id": "ev_prep",
          "label": { "ru": "Подготовка под зарядную станцию (без самой станции)" },
          "base_price": [1500, 2500],
          "result_note": { "ru": "Цена за работу и базовый кабель/защиту. Зарядная станция и согласования с поставщиком — не включены." },
          "questions": [
            {
              "id": "length",
              "text": { "ru": "Длина трассы кабеля" },
              "options": [
                { "value": "up_to10", "label": { "ru": "До 10 м" }, "delta": [0, 0] },
                { "value": "10_25",   "label": { "ru": "10–25 м (+₪600–₪1200)" }, "delta": [600, 1200] },
                { "value": "25_plus", "label": { "ru": "Более 25 м (+₪1200–₪2500)" }, "delta": [1200, 2500] }
              ]
            },
            {
              "id": "phase",
              "text": { "ru": "Одно-/трёхфазный" },
              "options": [
                { "value": "1p", "label": { "ru": "Однофазный" }, "delta": [0, 0] },
                { "value": "3p", "label": { "ru": "Трёхфазный (+₪300–₪600)" }, "delta": [300, 600] }
              ]
            }
          ]
        }
      ]
    },

    {
      "id": "water_heater_electric",
      "label": { "ru": "Водонагреватель — выключатель/таймер" },
      "subtypes": [
        {
          "id": "switch_replace",
          "label": { "ru": "Замена выключателя бойлера" },
          "base_price": [220, 360],
          "questions": [
            {
              "id": "type",
              "text": { "ru": "Тип выключателя" },
              "options": [
                { "value": "regular",     "label": { "ru": "Обычный" }, "delta": [0, 0] },
                { "value": "illuminated", "label": { "ru": "С подсветкой (+₪20–₪40)" }, "delta": [20, 40] },
                { "value": "unknown",     "label": { "ru": "Не уверен(а)" }, "delta": [20, 40], "ui": { "silent_delta": true } }
              ]
            }
          ]
        },
        {
          "id": "timer_install",
          "label": { "ru": "Установка таймера на бойлер" },
          "base_price": [300, 500],
          "questions": [
            {
              "id": "supply",
              "text": { "ru": "Поставка таймера" },
              "options": [
                { "value": "client",  "label": { "ru": "Предоставлю сам(а)" }, "delta": [0, 0] },
                { "value": "basic",   "label": { "ru": "Базовая поставка (+₪120–₪200)" }, "delta": [120, 200] },
                { "value": "quality", "label": { "ru": "Бренд/премиум (+₪200–₪320)" }, "delta": [200, 320] }
              ]
            }
          ]
        }
      ]
    },

    {
      "id": "doorbell_intercom",
      "label": { "ru": "Дверной звонок / домофон" },
      "subtypes": [
        {
          "id": "doorbell",
          "label": { "ru": "Дверной звонок" },
          "base_price": [220, 360],
          "questions": [
            {
              "id": "type",
              "text": { "ru": "Проводной / беспроводной" },
              "options": [
                { "value": "wired",    "label": { "ru": "Проводной" }, "delta": [0, 0] },
                { "value": "wireless", "label": { "ru": "Беспроводной (+₪20–₪40)" }, "delta": [20, 40] },
                { "value": "unknown",  "label": { "ru": "Не уверен(а)" }, "delta": [20, 40], "ui": { "silent_delta": true } }
              ]
            },
            {
              "id": "length",
              "text": { "ru": "Оценочная длина проводки" },
              "options": [
                { "value": "short",   "label": { "ru": "До 5 м" }, "delta": [0, 0] },
                { "value": "medium",  "label": { "ru": "5–15 м (+₪60–₪110)" }, "delta": [60, 110] },
                { "value": "long",    "label": { "ru": "Более 15 м (+₪120–₪200)" }, "delta": [120, 200] }
              ]
            }
          ]
        },
        {
          "id": "intercom",
          "label": { "ru": "Домофон" },
          "base_price": [300, 500],
          "questions": [
            {
              "id": "issue",
              "text": { "ru": "Что требуется?" },
              "options": [
                { "value": "repair",  "label": { "ru": "Ремонт/подключение" }, "delta": [0, 0] },
                { "value": "replace", "label": { "ru": "Полная замена (+₪180–₪320)" }, "delta": [180, 320] },
                { "value": "unknown", "label": { "ru": "Не уверен(а)" }, "delta": [100, 200], "ui": { "silent_delta": true } }
              ]
            }
          ]
        }
      ]
    },

    {
      "id": "smart_home",
      "label": { "ru": "Умный дом (выключатель/реле)" },
      "subtypes": [
        {
          "id": "smart_switch",
          "label": { "ru": "Умный выключатель" },
          "base_price": [260, 420],
          "questions": [
            {
              "id": "gangs",
              "text": { "ru": "Сколько устройств/клавиш?" },
              "options": [
                { "value": "single", "label": { "ru": "1" }, "delta": [0, 0] },
                { "value": "double", "label": { "ru": "2 (+₪30–₪60)" }, "delta": [30, 60] },
                { "value": "triple", "label": { "ru": "3 (+₪60–₪110)" }, "delta": [60, 110] }
              ]
            },
            {
              "id": "neutral",
              "text": { "ru": "Есть ли ноль (N) в коробке?" },
              "options": [
                { "value": "yes",     "label": { "ru": "Да" }, "delta": [0, 0] },
                { "value": "no",      "label": { "ru": "Нет — требуется решение (+₪100–₪180)" }, "delta": [100, 180] },
                { "value": "unknown", "label": { "ru": "Не уверен(а)" }, "delta": [60, 120], "ui": { "silent_delta": true } }
              ]
            }
          ]
        },
        {
          "id": "smart_relay",
          "label": { "ru": "Умное реле за выключателем" },
          "base_price": [260, 420],
          "questions": [
            {
              "id": "space",
              "text": { "ru": "Достаточно ли глубины/места в коробке?" },
              "options": [
                { "value": "ok",      "label": { "ru": "Да" }, "delta": [0, 0] },
                { "value": "tight",   "label": { "ru": "Тесно — потребуется расширение (+₪80–₪150)" }, "delta": [80, 150] },
                { "value": "unknown", "label": { "ru": "Не уверен(а)" }, "delta": [60, 120], "ui": { "silent_delta": true } }
              ]
            }
          ]
        }
      ]
    },

    {
      "id": "inspection",
      "label": { "ru": "Проверка / отчёт электрика" },
      "subtypes": [
        {
          "id": "test_report",
          "label": { "ru": "Полная проверка + отчёт" },
          "base_price": [600, 1000],
          "questions": [
            {
              "id": "apt_size",
              "text": { "ru": "Размер квартиры (кол-во комнат)" },
              "options": [
                { "value": "1_3",    "label": { "ru": "До 3" }, "delta": [0, 0] },
                { "value": "4_5",    "label": { "ru": "4–5 (+₪120–₪220)" }, "delta": [120, 220] },
                { "value": "6_plus", "label": { "ru": "6+ (+₪220–₪380)" }, "delta": [220, 380] }
              ]
            }
          ]
        },
        {
          "id": "ground_only",
          "label": { "ru": "Проверка заземления только" },
          "base_price": [300, 500],
          "questions": [
            {
              "id": "access",
              "text": { "ru": "Доступ к щиту/точкам проверки" },
              "options": [
                { "value": "easy",    "label": { "ru": "Удобный" }, "delta": [0, 0] },
                { "value": "hard",    "label": { "ru": "Ограниченный (+₪60–₪120)" }, "delta": [60, 120] },
                { "value": "unknown", "label": { "ru": "Не уверен(а)" }, "delta": [40, 90], "ui": { "silent_delta": true } }
              ]
            }
          ]
        }
      ]
    }
  ]
}
