{
  "category": "painting",
  "base_price": [150, 300],
  "result_note": {
    "ru": "Диапазоны цен ориентировочные и основаны на типичных работах по окраске. Итоговая стоимость определяется на месте с учётом объёма работ, состояния существующих поверхностей, доступа/высоты, выбранных материалов и сопутствующих согласований."
  },
  "jobs": [
    {
      "id": "interior_paint",
      "label": { "ru": "Окраска интерьера — стены/потолки" },
      "result_note": { "ru": "Включает базовую подготовку основания; существенные шпаклёвочные работы учитываются в ответах на вопросы." },
      "subtypes": [
        {
          "id": "single_room",
          "label": { "ru": "Отдельная комната" },
          "base_price": [400, 900],
          "questions": [
            {
              "id": "size",
              "text": { "ru": "Предполагаемый размер комнаты" },
              "options": [
                { "value": "small",   "label": { "ru": "Малая (до ~8 м²)" },                         "delta": [0, 0] },
                { "value": "medium",  "label": { "ru": "Средняя (9–12 м²) (+₪120–₪220)" },           "delta": [120, 220] },
                { "value": "large",   "label": { "ru": "Большая (13–18 м²) (+₪220–₪420)" },          "delta": [220, 420] },
                { "value": "unknown", "label": { "ru": "Не уверен(а)" },                             "delta": [120, 220], "ui": { "silent_delta": true } }
              ]
            },
            {
              "id": "condition",
              "text": { "ru": "Состояние стен" },
              "options": [
                { "value": "light",   "label": { "ru": "Лёгкие правки/обновление" },                 "delta": [0, 0] },
                { "value": "medium",  "label": { "ru": "Трещины/средний объём шпаклёвки (+₪150–₪300)" }, "delta": [150, 300] },
                { "value": "heavy",   "label": { "ru": "Расширенная шпаклёвка/выравнивание (+₪450–₪800)" }, "delta": [450, 800] },
                { "value": "unknown", "label": { "ru": "Не уверен(а) (+₪150–₪300)" },                "delta": [150, 300] }
              ]
            },
            {
              "id": "paint",
              "text": { "ru": "Тип краски" },
              "options": [
                { "value": "standard", "label": { "ru": "Акрил стандартный" },                      "delta": [0, 0] },
                { "value": "premium",  "label": { "ru": "Моющаяся/премиум (+₪60–₪140)" },           "delta": [60, 140] },
                { "value": "anti_mold","label": { "ru": "Против плесени (ванная/с.у.) (+₪80–₪160)" }, "delta": [80, 160] },
                { "value": "unknown",  "label": { "ru": "Не уверен(а)" },                           "delta": [60, 140], "ui": { "silent_delta": true } }
              ]
            },
            {
              "id": "furniture",
              "text": { "ru": "Мебель/укрытие" },
              "options": [
                { "value": "empty",    "label": { "ru": "Комната пустая" },                         "delta": [0, 0] },
                { "value": "furnished","label": { "ru": "Меблирована — требуется укрытие/перестановка (+₪100–₪220)" }, "delta": [100, 220] },
                { "value": "unknown",  "label": { "ru": "Не уверен(а) (+₪80–₪160)" },               "delta": [80, 160] }
              ]
            },
            {
              "id": "height",
              "text": { "ru": "Высота потолка" },
              "options": [
                { "value": "standard", "label": { "ru": "Стандарт до ~2.8 м" },                     "delta": [0, 0] },
                { "value": "high",     "label": { "ru": "Высокий/антресоль (+₪120–₪240)" },         "delta": [120, 240] },
                { "value": "unknown",  "label": { "ru": "Не уверен(а)" },                           "delta": [60, 120], "ui": { "silent_delta": true } }
              ]
            },
            {
              "id": "urgency",
              "text": { "ru": "Срочность/время работ" },
              "options": [
                { "value": "normal",   "label": { "ru": "В обычные часы" },                         "delta": [0, 0] },
                { "value": "evening",  "label": { "ru": "Вечер/выходные" },                         "multiplier": 1.5 }
              ]
            }
          ]
        },
        {
          "id": "living_room",
          "label": { "ru": "Гостиная/центральное помещение" },
          "base_price": [700, 1400],
          "questions": [
            {
              "id": "area",
              "text": { "ru": "Размер помещения" },
              "options": [
                { "value": "small",   "label": { "ru": "Малый (до ~15 м²)" },                       "delta": [0, 0] },
                { "value": "medium",  "label": { "ru": "Средний (16–25 м²) (+₪200–₪400)" },         "delta": [200, 400] },
                { "value": "large",   "label": { "ru": "Большой (26–40 м²) (+₪500–₪900)" },         "delta": [500, 900] },
                { "value": "unknown", "label": { "ru": "Не уверен(а)" },                            "delta": [200, 400], "ui": { "silent_delta": true } }
              ]
            },
            {
              "id": "condition",
              "text": { "ru": "Состояние стен/потолка" },
              "options": [
                { "value": "light",   "label": { "ru": "Лёгкие правки" },                           "delta": [0, 0] },
                { "value": "medium",  "label": { "ru": "Средние трещины/ремонт (+₪200–₪380)" },     "delta": [200, 380] },
                { "value": "heavy",   "label": { "ru": "Существенная шпаклёвка/выравнивание (+₪700–₪1,200)" }, "delta": [700, 1200] },
                { "value": "unknown", "label": { "ru": "Не уверен(а) (+₪200–₪380)" },               "delta": [200, 380] }
              ]
            },
            {
              "id": "colors",
              "text": { "ru": "Количество цветов/оттенков" },
              "options": [
                { "value": "single",  "label": { "ru": "Один оттенок" },                            "delta": [0, 0] },
                { "value": "multi",   "label": { "ru": "Несколько оттенков/разделений (+₪150–₪300)" }, "delta": [150, 300] },
                { "value": "unknown", "label": { "ru": "Не уверен(а) (+₪120–₪240)" },               "delta": [120, 240] }
              ]
            },
            {
              "id": "urgency",
              "text": { "ru": "Срочность/время работ" },
              "options": [
                { "value": "normal",  "label": { "ru": "В обычные часы" },                          "delta": [0, 0] },
                { "value": "evening", "label": { "ru": "Вечер/выходные" },                          "multiplier": 1.5 }
              ]
            }
          ]
        },
        {
          "id": "full_apartment",
          "label": { "ru": "Квартира целиком (стены/потолки — белый/стандарт)" },
          "base_price": [1500, 2500],
          "questions": [
            {
              "id": "rooms",
              "text": { "ru": "Размер квартиры (комнаты/площадь)" },
              "options": [
                { "value": "2r_~60",   "label": { "ru": "До 2 комнат / ~60 м²" },                   "delta": [0, 0] },
                { "value": "3r_80",    "label": { "ru": "3 комнаты / ~80 м² (+₪500–₪900)" },         "delta": [500, 900] },
                { "value": "4r_100",   "label": { "ru": "4 комнаты / ~100 м² (+₪900–₪1,500)" },      "delta": [900, 1500] },
                { "value": "5r_130",   "label": { "ru": "5 комнат / ~130 м² (+₪1,500–₪2,300)" },     "delta": [1500, 2300] },
                { "value": "6r_160",   "label": { "ru": "6 комнат / ~160 м² (+₪2,300–₪3,500)" },     "delta": [2300, 3500] },
                { "value": "gt_160",   "label": { "ru": "Свыше ~160 м² (+₪3,500–₪6,000)" },          "delta": [3500, 6000] }
              ]
            },
            {
              "id": "condition",
              "text": { "ru": "Состояние стен/потолков по всей квартире" },
              "options": [
                { "value": "light",   "label": { "ru": "Хорошее/легкие правки" },                    "delta": [0, 0] },
                { "value": "medium",  "label": { "ru": "Средний объём исправлений (+₪400–₪800)" },  "delta": [400, 800] },
                { "value": "heavy",   "label": { "ru": "Широкая шпаклёвка/выравнивание (+₪2,500–₪5,000)" }, "delta": [2500, 5000] },
                { "value": "unknown", "label": { "ru": "Не уверен(а) (+₪800–₪1,500)" },              "delta": [800, 1500] }
              ]
            },
            {
              "id": "wet_rooms",
              "text": { "ru": "Ванные/с.у. — краска против плесени" },
              "options": [
                { "value": "no",      "label": { "ru": "Нет" },                                     "delta": [0, 0] },
                { "value": "yes",     "label": { "ru": "Да (спец. материал) (+₪200–₪400)" },         "delta": [200, 400] },
                { "value": "unknown", "label": { "ru": "Не уверен(а)" },                            "delta": [150, 300], "ui": { "silent_delta": true } }
              ]
            },
            {
              "id": "furniture",
              "text": { "ru": "Квартира пустая или обжитая" },
              "options": [
                { "value": "empty",    "label": { "ru": "Пустая" },                                 "delta": [0, 0] },
                { "value": "furnished","label": { "ru": "Обжитая — укрытия/перестановка (+₪300–₪700)" }, "delta": [300, 700] },
                { "value": "unknown",  "label": { "ru": "Не уверен(а) (+₪250–₪500)" },               "delta": [250, 500] }
              ]
            },
            {
              "id": "urgency",
              "text": { "ru": "Срочность/время работ" },
              "options": [
                { "value": "normal",  "label": { "ru": "В обычные часы" },                           "delta": [0, 0] },
                { "value": "evening", "label": { "ru": "Вечер/выходные" },                           "multiplier": 1.5 }
              ]
            }
          ]
        },
        {
          "id": "ceiling_only",
          "label": { "ru": "Только потолок" },
          "base_price": [200, 350],
          "questions": [
            {
              "id": "area",
              "text": { "ru": "Площадь потолка" },
              "options": [
                { "value": "small",   "label": { "ru": "Маленькая комната (до 12 м²)" },             "delta": [0, 0] },
                { "value": "medium",  "label": { "ru": "Обычная комната (13–20 м²) (+₪80–₪140)" },   "delta": [80, 140] },
                { "value": "large",   "label": { "ru": "Большая (21–35 м²) (+₪160–₪260)" },          "delta": [160, 260] },
                { "value": "hall",    "label": { "ru": "Зал/гостиная крупная (+₪260–₪420)" },        "delta": [260, 420] },
                { "value": "unknown", "label": { "ru": "Не уверен(а)" },                             "delta": [120, 220], "ui": { "silent_delta": true } }
              ]
            },
            {
              "id": "mold",
              "text": { "ru": "Есть плесень/пятна на потолке?" },
              "options": [
                { "value": "no",      "label": { "ru": "Нет" },                                     "delta": [0, 0] },
                { "value": "yes",     "label": { "ru": "Да — обработка/спец. праймер (+₪120–₪240)" }, "delta": [120, 240] },
                { "value": "unknown", "label": { "ru": "Не уверен(а) (+₪100–₪200)" },                "delta": [100, 200] }
              ]
            }
          ]
        }
      ]
    },

    {
      "id": "doors_wood",
      "label": { "ru": "Окраска дверей/столярки" },
      "subtypes": [
        {
          "id": "single_door",
          "label": { "ru": "Дверь деревянная/окрашенная (одна)" },
          "base_price": [250, 450],
          "questions": [
            {
              "id": "sides",
              "text": { "ru": "Сколько сторон окрашивать?" },
              "options": [
                { "value": "one",     "label": { "ru": "Одна сторона" },                            "delta": [0, 0] },
                { "value": "both",    "label": { "ru": "Две стороны (+₪80–₪150)" },                  "delta": [80, 150] },
                { "value": "unknown", "label": { "ru": "Не уверен(а) (+₪60–₪120)" },                 "delta": [60, 120] }
              ]
            },
            {
              "id": "prep",
              "text": { "ru": "Подготовка/шлифовка/снятие старой краски" },
              "options": [
                { "value": "light",   "label": { "ru": "Лёгкая" },                                  "delta": [0, 0] },
                { "value": "medium",  "label": { "ru": "Средняя (+₪120–₪200)" },                     "delta": [120, 200] },
                { "value": "heavy",   "label": { "ru": "Сложная/со снятием (+₪200–₪350)" },          "delta": [200, 350] },
                { "value": "unknown", "label": { "ru": "Не уверен(а)" },                             "delta": [120, 200], "ui": { "silent_delta": true } }
              ]
            },
            {
              "id": "hardware",
              "text": { "ru": "Снятие/установка фурнитуры (ручки/петли)" },
              "options": [
                { "value": "no",      "label": { "ru": "Нет" },                                     "delta": [0, 0] },
                { "value": "yes",     "label": { "ru": "Да (+₪50–₪120)" },                           "delta": [50, 120] },
                { "value": "unknown", "label": { "ru": "Не уверен(а)" },                             "delta": [40, 100], "ui": { "silent_delta": true } }
              ]
            }
          ]
        },
        {
          "id": "multiple_doors",
          "label": { "ru": "Несколько дверей (кол-во)" },
          "base_price": [250, 450],
          "questions": [
            {
              "id": "qty",
              "text": { "ru": "Сколько дверей?" },
              "options": [
                { "value": "one",    "label": { "ru": "1" },             "multiplier": 1.0 },
                { "value": "two",    "label": { "ru": "2" },             "multiplier": 2.0 },
                { "value": "three4", "label": { "ru": "3–4" },           "multiplier": 3.5 },
                { "value": "five6",  "label": { "ru": "5–6" },           "multiplier": 5.0 },
                { "value": "gt6",    "label": { "ru": "Более 6" },       "multiplier": 6.5 }
              ]
            },
            {
              "id": "finish",
              "text": { "ru": "Финиш/тип краски" },
              "options": [
                { "value": "acrylic", "label": { "ru": "Акрил/водная" },                             "delta": [0, 0] },
                { "value": "poly",    "label": { "ru": "Полиуретан/лак (+₪80–₪160)" },               "delta": [80, 160] },
                { "value": "unknown", "label": { "ru": "Не уверен(а)" },                              "delta": [60, 120], "ui": { "silent_delta": true } }
              ]
            }
          ]
        }
      ]
    },

    {
      "id": "metalwork",
      "label": { "ru": "Металл — решётки/перила/ворота" },
      "subtypes": [
        {
          "id": "railings",
          "label": { "ru": "Перила/решётки" },
          "base_price": [400, 700],
          "questions": [
            {
              "id": "length",
              "text": { "ru": "Примерная длина" },
              "options": [
                { "value": "1_3m",   "label": { "ru": "1–3 м" },         "multiplier": 1.0 },
                { "value": "4_7m",   "label": { "ru": "4–7 м" },         "multiplier": 2.0 },
                { "value": "8_12m",  "label": { "ru": "8–12 м" },        "multiplier": 3.0 },
                { "value": "gt12m",  "label": { "ru": "Более 12 м" },    "multiplier": 4.0 }
              ]
            },
            {
              "id": "condition",
              "text": { "ru": "Состояние/ржавчина" },
              "options": [
                { "value": "good",    "label": { "ru": "Относительно исправно" },                    "delta": [0, 0] },
                { "value": "rust",    "label": { "ru": "Требуется серьёзная антикоррозийная обработка (+₪150–₪300)" }, "delta": [150, 300] },
                { "value": "unknown", "label": { "ru": "Не уверен(а) (+₪100–₪220)" },                "delta": [100, 220] }
              ]
            },
            {
              "id": "access",
              "text": { "ru": "Доступ/высота" },
              "options": [
                { "value": "easy",    "label": { "ru": "Хороший доступ" },                           "delta": [0, 0] },
                { "value": "height",  "label": { "ru": "Высота/лестница/лесá (+₪200–₪450)" },        "delta": [200, 450] },
                { "value": "unknown", "label": { "ru": "Не уверен(а)" },                             "delta": [150, 300], "ui": { "silent_delta": true } }
              ]
            }
          ]
        },
        {
          "id": "gate",
          "label": { "ru": "Ворота/забор из металла" },
          "base_price": [500, 900],
          "questions": [
            {
              "id": "area",
              "text": { "ru": "Площадь/длина (примерно)" },
              "options": [
                { "value": "small",   "label": { "ru": "Небольшая" },                               "delta": [0, 0] },
                { "value": "medium",  "label": { "ru": "Средняя (+₪250–₪450)" },                     "delta": [250, 450] },
                { "value": "large",   "label": { "ru": "Большая (+₪500–₪900)" },                     "delta": [500, 900] },
                { "value": "unknown", "label": { "ru": "Не уверен(а)" },                             "delta": [250, 450], "ui": { "silent_delta": true } }
              ]
            },
            {
              "id": "system",
              "text": { "ru": "Система покрытия" },
              "options": [
                { "value": "basic",   "label": { "ru": "Праймер + 2 слоя" },                         "delta": [0, 0] },
                { "value": "premium", "label": { "ru": "Усиленная антикоррозийная система (+₪180–₪320)" }, "delta": [180, 320] },
                { "value": "unknown", "label": { "ru": "Не уверен(а)" },                             "delta": [120, 240], "ui": { "silent_delta": true } }
              ]
            }
          ]
        }
      ]
    },

    {
      "id": "exterior",
      "label": { "ru": "Наружные работы — фасад/внешние стены" },
      "subtypes": [
        {
          "id": "facade_house",
          "label": { "ru": "Фасад частного/двухквартирного дома" },
          "base_price": [2500, 4500],
          "result_note": { "ru": "Обычно включает подготовку основания, мойку/ремонт и, при необходимости, установку лесов (за доплату)." },
          "questions": [
            {
              "id": "area",
              "text": { "ru": "Оценочная площадь фасада" },
              "options": [
                { "value": "lt80",    "label": { "ru": "До ~80 м²" },                               "delta": [0, 0] },
                { "value": "80_140",  "label": { "ru": "80–140 м² (+₪1,000–₪2,000)" },              "delta": [1000, 2000] },
                { "value": "141_220", "label": { "ru": "141–220 м² (+₪2,000–₪3,800)" },             "delta": [2000, 3800] },
                { "value": "gt220",   "label": { "ru": "Св. 220 м² (+₪3,800–₪6,500)" },             "delta": [3800, 6500] }
              ]
            },
            {
              "id": "scaffold",
              "text": { "ru": "Нужны ли леса/подъёмная платформа?" },
              "options": [
                { "value": "no",      "label": { "ru": "Нет" },                                     "delta": [0, 0] },
                { "value": "yes",     "label": { "ru": "Да (аренда/монтаж) (+₪2,000–₪6,000)" },      "delta": [2000, 6000] },
                { "value": "unknown", "label": { "ru": "Не уверен(а)" },                             "delta": [1500, 4500], "ui": { "silent_delta": true } }
              ]
            },
            {
              "id": "cracks",
              "text": { "ru": "Ремонт трещин/штукатурки" },
              "options": [
                { "value": "minor",   "label": { "ru": "Незначительные" },                           "delta": [0, 0] },
                { "value": "medium",  "label": { "ru": "Средние (+₪800–₪1,500)" },                   "delta": [800, 1500] },
                { "value": "major",   "label": { "ru": "Существенные (+₪1,500–₪2,800)" },            "delta": [1500, 2800] },
                { "value": "unknown", "label": { "ru": "Не уверен(а) (+₪800–₪1,500)" },              "delta": [800, 1500] }
              ]
            },
            {
              "id": "paint",
              "text": { "ru": "Система покрытия" },
              "options": [
                { "value": "acrylic", "label": { "ru": "Акрил для наружных работ" },                 "delta": [0, 0] },
                { "value": "silicone","label": { "ru": "Силиконовый/водоотталкивающий (+₪500–₪1,500)" }, "delta": [500, 1500] },
                { "value": "unknown", "label": { "ru": "Не уверен(а)" },                             "delta": [400, 900], "ui": { "silent_delta": true } }
              ]
            },
            {
              "id": "urgency",
              "text": { "ru": "Срочность/время работ" },
              "options": [
                { "value": "normal",  "label": { "ru": "В обычные часы" },                           "delta": [0, 0] },
                { "value": "evening", "label": { "ru": "Вечер/выходные" },                           "multiplier": 1.5 }
              ]
            }
          ]
        }
      ]
    },

    {
      "id": "plaster_skim",
      "label": { "ru": "Штукатурка/шпаклёвка и подготовка под окраску" },
      "subtypes": [
        {
          "id": "skim_room",
          "label": { "ru": "Выравнивание стен в комнате" },
          "base_price": [900, 1600],
          "questions": [
            {
              "id": "size",
              "text": { "ru": "Размер комнаты" },
              "options": [
                { "value": "small",   "label": { "ru": "Маленькая" },                               "delta": [0, 0] },
                { "value": "medium",  "label": { "ru": "Средняя (+₪250–₪450)" },                     "delta": [250, 450] },
                { "value": "large",   "label": { "ru": "Большая (+₪450–₪800)" },                     "delta": [450, 800] },
                { "value": "unknown", "label": { "ru": "Не уверен(а)" },                             "delta": [250, 450], "ui": { "silent_delta": true } }
              ]
            },
            {
              "id": "severity",
              "text": { "ru": "Объём работ по выравниванию" },
              "options": [
                { "value": "light",   "label": { "ru": "Точечные/лёгкие" },                          "delta": [0, 0] },
                { "value": "medium",  "label": { "ru": "Средние (+₪300–₪600)" },                     "delta": [300, 600] },
                { "value": "heavy",   "label": { "ru": "Полные/масштабные (+₪700–₪1,200)" },         "delta": [700, 1200] },
                { "value": "unknown", "label": { "ru": "Не уверен(а)" },                             "delta": [300, 600], "ui": { "silent_delta": true } }
              ]
            },
            {
              "id": "primer",
              "text": { "ru": "Праймер/основание перед окраской" },
              "options": [
                { "value": "no",      "label": { "ru": "Не требуется" },                            "delta": [0, 0] },
                { "value": "yes",     "label": { "ru": "Да (+₪120–₪220)" },                          "delta": [120, 220] },
                { "value": "unknown", "label": { "ru": "Не уверен(а)" },                             "delta": [100, 200], "ui": { "silent_delta": true } }
              ]
            }
          ]
        },
        {
          "id": "patches",
          "label": { "ru": "Точечные ремонты штукатурки/шпаклёвки" },
          "base_price": [200, 350],
          "questions": [
            {
              "id": "qty",
              "text": { "ru": "Количество участков ремонта" },
              "options": [
                { "value": "few",     "label": { "ru": "1–3 точки (+₪100–₪180)" },                   "delta": [100, 180] },
                { "value": "some",    "label": { "ru": "4–8 точек (+₪200–₪320)" },                   "delta": [200, 320] },
                { "value": "many",    "label": { "ru": "9–15 точек (+₪350–₪600)" },                  "delta": [350, 600] },
                { "value": "unknown", "label": { "ru": "Не уверен(а)" },                             "delta": [200, 320], "ui": { "silent_delta": true } }
              ]
            },
            {
              "id": "height",
              "text": { "ru": "Высота/доступ" },
              "options": [
                { "value": "normal",  "label": { "ru": "Обычный доступ" },                           "delta": [0, 0] },
                { "value": "high",    "label": { "ru": "Высота/лестница (+₪80–₪150)" },              "delta": [80, 150] },
                { "value": "unknown", "label": { "ru": "Не уверен(а)" },                             "delta": [60, 120], "ui": { "silent_delta": true } }
              ]
            }
          ]
        }
      ]
    },

    {
      "id": "mold_treatment",
      "label": { "ru": "Обработка плесени/краска для ванны" },
      "subtypes": [
        {
          "id": "bath_ceiling",
          "label": { "ru": "Потолок в ванной/санузле" },
          "base_price": [250, 420],
          "questions": [
            {
              "id": "size",
              "text": { "ru": "Оценочный размер" },
              "options": [
                { "value": "small",   "label": { "ru": "Малый" },                                   "delta": [0, 0] },
                { "value": "medium",  "label": { "ru": "Средний (+₪60–₪110)" },                     "delta": [60, 110] },
                { "value": "large",   "label": { "ru": "Большой (+₪110–₪200)" },                    "delta": [110, 200] },
                { "value": "unknown", "label": { "ru": "Не уверен(а)" },                             "delta": [80, 150], "ui": { "silent_delta": true } }
              ]
            },
            {
              "id": "treatment",
              "text": { "ru": "Уровень обработки" },
              "options": [
                { "value": "wash",     "label": { "ru": "Мойка/удаление плесени" },                  "delta": [0, 0] },
                { "value": "primer",   "label": { "ru": "Праймер/средство против плесени (+₪120–₪240)" }, "delta": [120, 240] },
                { "value": "sealer",   "label": { "ru": "Точечная герметизация/слой силера (+₪160–₪300)" }, "delta": [160, 300] },
                { "value": "unknown",  "label": { "ru": "Не уверен(а)" },                             "delta": [120, 240], "ui": { "silent_delta": true } }
              ]
            }
          ]
        },
        {
          "id": "room_mold",
          "label": { "ru": "Комната с плесенью на стенах" },
          "base_price": [400, 700],
          "questions": [
            {
              "id": "extent",
              "text": { "ru": "Масштаб поражения плесенью" },
              "options": [
                { "value": "wall",     "label": { "ru": "Одна стена" },                              "delta": [0, 0] },
                { "value": "two_walls","label": { "ru": "Две стены (+₪150–₪300)" },                  "delta": [150, 300] },
                { "value": "multi",    "label": { "ru": "Несколько стен (+₪300–₪550)" },             "delta": [300, 550] },
                { "value": "unknown",  "label": { "ru": "Не уверен(а)" },                             "delta": [150, 300], "ui": { "silent_delta": true } }
              ]
            },
            {
              "id": "cause",
              "text": { "ru": "Предполагаемая причина" },
              "options": [
                { "value": "condense", "label": { "ru": "Конденсат/вентиляция" },                    "delta": [0, 0] },
                { "value": "leak",     "label": { "ru": "Влага/протечка (требуется ремонт) (+₪200–₪400)" }, "delta": [200, 400] },
                { "value": "unknown",  "label": { "ru": "Не уверен(а)" },                             "delta": [120, 240], "ui": { "silent_delta": true } }
              ]
            }
          ]
        }
      ]
    },

    {
      "id": "epoxy_floor",
      "label": { "ru": "Окраска бетонного пола эпоксидом" },
      "subtypes": [
        {
          "id": "parking_small",
          "label": { "ru": "Парковка/малый склад" },
          "base_price": [900, 1500],
          "questions": [
            {
              "id": "area",
              "text": { "ru": "Оценочная площадь" },
              "options": [
                { "value": "10_20",   "label": { "ru": "10–20 м²" },                                "delta": [0, 0] },
                { "value": "21_40",   "label": { "ru": "21–40 м² (+₪400–₪700)" },                   "delta": [400, 700] },
                { "value": "41_60",   "label": { "ru": "41–60 м² (+₪900–₪1,500)" },                 "delta": [900, 1500] },
                { "value": "61_100",  "label": { "ru": "61–100 м² (+₪1,600–₪2,600)" },              "delta": [1600, 2600] },
                { "value": "gt100",   "label": { "ru": "Свыше 100 м² (+₪2,600–₪4,200)" },           "delta": [2600, 4200] }
              ]
            },
            {
              "id": "prep",
              "text": { "ru": "Подготовка основания" },
              "options": [
                { "value": "clean",    "label": { "ru": "Очистка/лёгкая шлифовка" },                 "delta": [0, 0] },
                { "value": "grind",    "label": { "ru": "Шлифовка/фрезеровка/ремонт трещин (+₪500–₪1,200)" }, "delta": [500, 1200] },
                { "value": "unknown",  "label": { "ru": "Не уверен(а)" },                             "delta": [300, 800], "ui": { "silent_delta": true } }
              ]
            },
            {
              "id": "system",
              "text": { "ru": "Эпоксидная система" },
              "options": [
                { "value": "basic",    "label": { "ru": "2 базовых слоя" },                          "delta": [0, 0] },
                { "value": "premium",  "label": { "ru": "Усиленная толщина/слои (+₪600–₪1,200)" },   "delta": [600, 1200] },
                { "value": "flakes",   "label": { "ru": "Флоки/антискольжение (+₪250–₪450)" },       "delta": [250, 450] },
                { "value": "unknown",  "label": { "ru": "Не уверен(а)" },                             "delta": [400, 800], "ui": { "silent_delta": true } }
              ]
            },
            {
              "id": "urgency",
              "text": { "ru": "Срочность/время работ" },
              "options": [
                { "value": "normal",   "label": { "ru": "В обычные часы" },                          "delta": [0, 0] },
                { "value": "evening",  "label": { "ru": "Вечер/выходные" },                          "multiplier": 1.5 }
              ]
            }
          ]
        }
      ]
    }
  ]
}
