{
  "category": "renovation",
  "base_price": [300, 500],
  "result_note": {
    "ru": "Приведённые диапазоны являются ориентировочными и основаны на типичных работах по лёгким–средним ремонтам. Итоговая цена определяется на месте с учётом объёма работ, текущего состояния, доступа/высоты, выбранных материалов и сопутствующих согласований (электрика/сантехника/гидроизоляция)."
  },
  "jobs": [
    {
      "id": "gypsum",
      "label": { "ru": "Работы по гипсокартону" },
      "subtypes": [
        {
          "id": "partition_wall",
          "label": { "ru": "Перегородка из гипсокартона" },
          "base_price": [1200, 1800],
          "result_note": { "ru": "Включает каркас + листы; финиш — шпаклёвка/краска по выбору." },
          "questions": [
            {
              "id": "size",
              "text": { "ru": "Какой ориентировочный размер стены?" },
              "options": [
                { "value": "s",        "label": { "ru": "До ~6 м²" },                                   "delta": [0, 0] },
                { "value": "m",        "label": { "ru": "6–12 м² (+₪900–₪1,500)" },                      "delta": [900, 1500] },
                { "value": "l",        "label": { "ru": "12–20 м² (+₪1,800–₪3,000)" },                   "delta": [1800, 3000] },
                { "value": "unknown",  "label": { "ru": "Не уверен(а)" },                                "delta": [700, 1400], "ui": { "silent_delta": true } }
              ]
            },
            {
              "id": "layers",
              "text": { "ru": "Количество слоёв и отделка" },
              "options": [
                { "value": "single_std", "label": { "ru": "Один слой + базовая отделка" },                     "delta": [0, 0] },
                { "value": "double",     "label": { "ru": "Двойной слой/базовая изоляция (+₪600–₪1,100)" },     "delta": [600, 1100] },
                { "value": "acoustic",   "label": { "ru": "Акустический/минеральная вата (+₪900–₪1,700)" },     "delta": [900, 1700] },
                { "value": "unknown",    "label": { "ru": "Не уверен(а)" },                                     "delta": [500, 900], "ui": { "silent_delta": true } }
              ]
            },
            {
              "id": "doors",
              "text": { "ru": "Проёмы/двери в стене?" },
              "options": [
                { "value": "none",    "label": { "ru": "Без проёмов" },                               "delta": [0, 0] },
                { "value": "one",     "label": { "ru": "Один проём (+₪500–₪900)" },                    "delta": [500, 900] },
                { "value": "multi",   "label": { "ru": "Два и более (+₪900–₪1,600)" },                 "delta": [900, 1600] },
                { "value": "unknown", "label": { "ru": "Не уверен(а)" },                               "delta": [400, 800], "ui": { "silent_delta": true } }
              ]
            },
            {
              "id": "height",
              "text": { "ru": "Высота работ/доступ" },
              "options": [
                { "value": "std",     "label": { "ru": "Стандартная высота/удобный доступ" },         "delta": [0, 0] },
                { "value": "high",    "label": { "ru": "Повышенная/сложный доступ (+₪400–₪800)" },     "delta": [400, 800] },
                { "value": "unknown", "label": { "ru": "Не уверен(а)" },                               "delta": [250, 500], "ui": { "silent_delta": true } }
              ]
            },
            {
              "id": "urgency",
              "text": { "ru": "Срочность" },
              "options": [
                { "value": "normal",  "label": { "ru": "Обычная (без надбавки)" },                     "delta": [0, 0] },
                { "value": "evening", "label": { "ru": "Вечер/выходные" },                             "multiplier": 1.5 }
              ]
            }
          ]
        },
        {
          "id": "drop_ceiling",
          "label": { "ru": "Потолок из гипсокартона / понижение" },
          "base_price": [1000, 1600],
          "questions": [
            {
              "id": "area",
              "text": { "ru": "Ориентировочная площадь" },
              "options": [
                { "value": "small",   "label": { "ru": "До 8 м²" },                                    "delta": [0, 0] },
                { "value": "medium",  "label": { "ru": "8–16 м² (+₪800–₪1,400)" },                     "delta": [800, 1400] },
                { "value": "large",   "label": { "ru": "16–30 м² (+₪1,600–₪2,800)" },                  "delta": [1600, 2800] },
                { "value": "unknown", "label": { "ru": "Не уверен(а)" },                               "delta": [700, 1200], "ui": { "silent_delta": true } }
              ]
            },
            {
              "id": "design",
              "text": { "ru": "Дизайн/уровни" },
              "options": [
                { "value": "plain",   "label": { "ru": "Прямой/простой" },                             "delta": [0, 0] },
                { "value": "steps",   "label": { "ru": "Ступень/уровень/канал (+₪700–₪1,400)" },       "delta": [700, 1400] },
                { "value": "lights",  "label": { "ru": "Встроенное освещение (+₪600–₪1,200)" },        "delta": [600, 1200] },
                { "value": "unknown", "label": { "ru": "Не уверен(а)" },                               "delta": [400, 900], "ui": { "silent_delta": true } }
              ]
            }
          ]
        },
        {
          "id": "tv_niche",
          "label": { "ru": "Ниша для ТВ / полки из гипсокартона" },
          "base_price": [900, 1400],
          "questions": [
            {
              "id": "complexity",
              "text": { "ru": "Сложность/количество полок" },
              "options": [
                { "value": "simple",  "label": { "ru": "Простая" },                                  "delta": [0, 0] },
                { "value": "medium",  "label": { "ru": "Средняя (+₪500–₪900)" },                     "delta": [500, 900] },
                { "value": "complex", "label": { "ru": "Сложная (+₪900–₪1,600)" },                   "delta": [900, 1600] },
                { "value": "unknown", "label": { "ru": "Не уверен(а)" },                             "delta": [400, 800], "ui": { "silent_delta": true } }
              ]
            }
          ]
        }
      ]
    },

    {
      "id": "tiling",
      "label": { "ru": "Напольное покрытие / облицовка" },
      "subtypes": [
        {
          "id": "floor_interior",
          "label": { "ru": "Внутренняя укладка напольной плитки" },
          "base_price": [1400, 2200],
          "result_note": { "ru": "Поставка плитки не включена. Демонтаж/выравнивание рассчитываются по вопросам." },
          "questions": [
            {
              "id": "area",
              "text": { "ru": "Какова общая площадь?" },
              "options": [
                { "value": "lt10",    "label": { "ru": "До 10 м²" },                                 "delta": [0, 0] },
                { "value": "10_25",   "label": { "ru": "10–25 м² (+₪1,200–₪2,000)" },                "delta": [1200, 2000] },
                { "value": "25_60",   "label": { "ru": "25–60 м² (+₪3,000–₪5,200)" },                "delta": [3000, 5200] },
                { "value": "gt60",    "label": { "ru": "Более 60 м² (+₪5,200–₪9,000)" },             "delta": [5200, 9000] },
                { "value": "unknown", "label": { "ru": "Не уверен(а)" },                              "delta": [1500, 2800], "ui": { "silent_delta": true } }
              ]
            },
            {
              "id": "remove_old",
              "text": { "ru": "Демонтировать существующее покрытие?" },
              "options": [
                { "value": "no",      "label": { "ru": "Нет" },                                      "delta": [0, 0] },
                { "value": "yes",     "label": { "ru": "Да (включая вывоз) (+₪1,200–₪2,500)" },       "delta": [1200, 2500] },
                { "value": "unknown", "label": { "ru": "Не уверен(а)" },                              "delta": [800, 1600], "ui": { "silent_delta": true } }
              ]
            },
            {
              "id": "leveling",
              "text": { "ru": "Требуется подготовка основания/выравнивание пола?" },
              "options": [
                { "value": "no",      "label": { "ru": "Нет" },                                      "delta": [0, 0] },
                { "value": "skim",    "label": { "ru": "Тонкая нивелирующая заливка (+₪700–₪1,400)" }, "delta": [700, 1400] },
                { "value": "screed",  "label": { "ru": "Стяжка/основание/бетон (+₪1,500–₪3,000)" },   "delta": [1500, 3000] },
                { "value": "unknown", "label": { "ru": "Не уверен(а)" },                              "delta": [900, 1800], "ui": { "silent_delta": true } }
              ]
            },
            {
              "id": "tile_size",
              "text": { "ru": "Размер плитки" },
              "options": [
                { "value": "std",     "label": { "ru": "До 60×60" },                                 "delta": [0, 0] },
                { "value": "large",   "label": { "ru": "80×80 / 120×60 (+₪600–₪1,200)" },            "delta": [600, 1200] },
                { "value": "xl",      "label": { "ru": "Особо крупный (+₪1,200–₪2,400)" },           "delta": [1200, 2400] },
                { "value": "unknown", "label": { "ru": "Не уверен(а)" },                              "delta": [500, 1000], "ui": { "silent_delta": true } }
              ]
            }
          ]
        },
        {
          "id": "wall_bathroom",
          "label": { "ru": "Облицовка стен в ванной" },
          "base_price": [1200, 2000],
          "questions": [
            {
              "id": "scope",
              "text": { "ru": "Объём работ" },
              "options": [
                { "value": "shower",   "label": { "ru": "Зона душа/ванны (+₪900–₪1,600)" },        "delta": [900, 1600] },
                { "value": "full",     "label": { "ru": "Вся комната (+₪2,200–₪3,800)" },           "delta": [2200, 3800] },
                { "value": "unknown",  "label": { "ru": "Не уверен(а)" },                            "delta": [1400, 2400], "ui": { "silent_delta": true } }
              ]
            },
            {
              "id": "waterproof",
              "text": { "ru": "Гидроизоляция основания" },
              "options": [
                { "value": "no",      "label": { "ru": "Не требуется" },                            "delta": [0, 0] },
                { "value": "yes",     "label": { "ru": "Да, слои гидроизоляции (+₪700–₪1,400)" },   "delta": [700, 1400] },
                { "value": "unknown", "label": { "ru": "Не уверен(а)" },                            "delta": [500, 900], "ui": { "silent_delta": true } }
              ]
            },
            {
              "id": "grout",
              "text": { "ru": "Затирка швов" },
              "options": [
                { "value": "std",     "label": { "ru": "Обычная" },                                 "delta": [0, 0] },
                { "value": "epoxy",   "label": { "ru": "Эпоксидная (+₪400–₪900)" },                 "delta": [400, 900] },
                { "value": "unknown", "label": { "ru": "Не уверен(а)" },                            "delta": [250, 600], "ui": { "silent_delta": true } }
              ]
            }
          ]
        },
        {
          "id": "backsplash",
          "label": { "ru": "Кухонный фартук (камень/керамика)" },
          "base_price": [700, 1200],
          "questions": [
            {
              "id": "length",
              "text": { "ru": "Ориентировочная длина" },
              "options": [
                { "value": "upto3",   "label": { "ru": "До 3 м" },                                  "delta": [0, 0] },
                { "value": "3to6",    "label": { "ru": "3–6 м (+₪400–₪800)" },                      "delta": [400, 800] },
                { "value": "gt6",     "label": { "ru": "Более 6 м (+₪800–₪1,500)" },                "delta": [800, 1500] },
                { "value": "unknown", "label": { "ru": "Не уверен(а)" },                             "delta": [300, 700], "ui": { "silent_delta": true } }
              ]
            },
            {
              "id": "cutouts",
              "text": { "ru": "Вырезы под розетки/окна" },
              "options": [
                { "value": "few",     "label": { "ru": "Мало" },                                     "delta": [0, 0] },
                { "value": "many",    "label": { "ru": "Много/сложно (+₪300–₪700)" },                "delta": [300, 700] },
                { "value": "unknown", "label": { "ru": "Не уверен(а)" },                             "delta": [200, 500], "ui": { "silent_delta": true } }
              ]
            }
          ]
        },
        {
          "id": "tile_replace",
          "label": { "ru": "Замена нескольких плиток" },
          "base_price": [400, 700],
          "questions": [
            {
              "id": "count",
              "text": { "ru": "Сколько плиток?" },
              "options": [
                { "value": "lt5",     "label": { "ru": "До 5" },                                     "delta": [0, 0] },
                { "value": "5to12",   "label": { "ru": "5–12 (+₪250–₪500)" },                        "delta": [250, 500] },
                { "value": "gt12",    "label": { "ru": "Более 12 (+₪500–₪900)" },                    "delta": [500, 900] },
                { "value": "unknown", "label": { "ru": "Не уверен(а)" },                             "delta": [200, 400], "ui": { "silent_delta": true } }
              ]
            }
          ]
        }
      ]
    },

    {
      "id": "demolition",
      "label": { "ru": "Демонтаж / Проём в стене" },
      "subtypes": [
        {
          "id": "remove_partition",
          "label": { "ru": "Демонтаж стен из блоков/гипсокартона (не несущая)" },
          "base_price": [800, 1400],
          "result_note": { "ru": "Включает вывоз разумного объёма мусора. Бетонные/несущие стены требуют инженера и отдельной сметы." },
          "questions": [
            {
              "id": "length",
              "text": { "ru": "Ориентировочная длина/высота" },
              "options": [
                { "value": "small",   "label": { "ru": "Малый (до 3 м)" },                           "delta": [0, 0] },
                { "value": "medium",  "label": { "ru": "Средний (3–6 м) (+₪600–₪1,100)" },           "delta": [600, 1100] },
                { "value": "large",   "label": { "ru": "Большой (свыше 6 м) (+₪1,200–₪2,200)" },     "delta": [1200, 2200] },
                { "value": "unknown", "label": { "ru": "Не уверен(а)" },                              "delta": [500, 900], "ui": { "silent_delta": true } }
              ]
            },
            {
              "id": "finish",
              "text": { "ru": "Заделка/штукатурка после демонтажа?" },
              "options": [
                { "value": "none",    "label": { "ru": "Не требуется" },                             "delta": [0, 0] },
                { "value": "patch",   "label": { "ru": "Локальная заплатка/выравнивание (+₪400–₪800)" }, "delta": [400, 800] },
                { "value": "smooth",  "label": { "ru": "Гладкая, готово под покраску (+₪800–₪1,500)" },  "delta": [800, 1500] },
                { "value": "unknown", "label": { "ru": "Не уверен(а)" },                               "delta": [300, 600], "ui": { "silent_delta": true } }
              ]
            }
          ]
        },
        {
          "id": "open_wall",
          "label": { "ru": "Устройство проёма/двери в стене (не несущая)" },
          "base_price": [1000, 1700],
          "questions": [
            {
              "id": "size",
              "text": { "ru": "Размер проёма" },
              "options": [
                { "value": "door",    "label": { "ru": "Стандартная дверь" },                        "delta": [0, 0] },
                { "value": "wide",    "label": { "ru": "Широкий проход (+₪600–₪1,100)" },            "delta": [600, 1100] },
                { "value": "arch",    "label": { "ru": "Арочный/декоративный проём (+₪900–₪1,600)" }, "delta": [900, 1600] },
                { "value": "unknown", "label": { "ru": "Не уверен(а)" },                              "delta": [400, 800], "ui": { "silent_delta": true } }
              ]
            },
            {
              "id": "lintel",
              "text": { "ru": "Требуется ли опорная перемычка?" },
              "options": [
                { "value": "no",      "label": { "ru": "Нет" },                                      "delta": [0, 0] },
                { "value": "yes",     "label": { "ru": "Да (стальная перемычка) (+₪800–₪1,500)" },   "delta": [800, 1500] },
                { "value": "unknown", "label": { "ru": "Не уверен(а)" },                              "delta": [500, 900], "ui": { "silent_delta": true } }
              ]
            }
          ]
        },
        {
          "id": "remove_kitchen",
          "label": { "ru": "Демонтаж существующей кухни" },
          "base_price": [700, 1200],
          "questions": [
            {
              "id": "size",
              "text": { "ru": "Размер/объём кухни" },
              "options": [
                { "value": "small",   "label": { "ru": "Малый" },                                   "delta": [0, 0] },
                { "value": "medium",  "label": { "ru": "Средний (+₪400–₪800)" },                    "delta": [400, 800] },
                { "value": "large",   "label": { "ru": "Большой (+₪800–₪1,500)" },                  "delta": [800, 1500] },
                { "value": "unknown", "label": { "ru": "Не уверен(а)" },                             "delta": [300, 600], "ui": { "silent_delta": true } }
              ]
            },
            {
              "id": "disposal",
              "text": { "ru": "Вывоз на лицензированный полигон" },
              "options": [
                { "value": "no",      "label": { "ru": "Нет" },                                     "delta": [0, 0] },
                { "value": "yes",     "label": { "ru": "Да (+₪500–₪1,000)" },                       "delta": [500, 1000] },
                { "value": "unknown", "label": { "ru": "Не уверен(а)" },                             "delta": [300, 700], "ui": { "silent_delta": true } }
              ]
            }
          ]
        }
      ]
    },

    {
      "id": "floor_leveling",
      "label": { "ru": "Выравнивание пола / тонкая заливка" },
      "subtypes": [
        {
          "id": "self_level",
          "label": { "ru": "Наливной пол (self-leveling)" },
          "base_price": [800, 1300],
          "questions": [
            {
              "id": "room",
              "text": { "ru": "Площадь комнаты" },
              "options": [
                { "value": "lt12",    "label": { "ru": "До 12 м²" },                               "delta": [0, 0] },
                { "value": "12_25",   "label": { "ru": "12–25 м² (+₪600–₪1,000)" },                "delta": [600, 1000] },
                { "value": "gt25",    "label": { "ru": "Свыше 25 м² (+₪1,200–₪2,200)" },           "delta": [1200, 2200] },
                { "value": "unknown", "label": { "ru": "Не уверен(а)" },                            "delta": [500, 900], "ui": { "silent_delta": true } }
              ]
            },
            {
              "id": "thickness",
              "text": { "ru": "Ориентировочная толщина" },
              "options": [
                { "value": "thin",    "label": { "ru": "3–6 мм" },                                 "delta": [0, 0] },
                { "value": "mid",     "label": { "ru": "6–12 мм (+₪400–₪800)" },                   "delta": [400, 800] },
                { "value": "thick",   "label": { "ru": "12–20+ мм (+₪800–₪1,500)" },               "delta": [800, 1500] },
                { "value": "unknown", "label": { "ru": "Не уверен(а)" },                            "delta": [400, 900], "ui": { "silent_delta": true } }
              ]
            }
          ]
        }
      ]
    },

    {
      "id": "laminate",
      "label": { "ru": "Монтаж ламината/паркета" },
      "subtypes": [
        {
          "id": "laminate_room",
          "label": { "ru": "Отдельная комната" },
          "base_price": [700, 1100],
          "result_note": { "ru": "Поставка досок не включена. Подложка/пороговые планки — при необходимости за доплату." },
          "questions": [
            {
              "id": "area",
              "text": { "ru": "Размер комнаты" },
              "options": [
                { "value": "lt10",    "label": { "ru": "До 10 м²" },                               "delta": [0, 0] },
                { "value": "10_15",   "label": { "ru": "10–15 м² (+₪250–₪450)" },                  "delta": [250, 450] },
                { "value": "gt15",    "label": { "ru": "Свыше 15 м² (+₪450–₪900)" },               "delta": [450, 900] },
                { "value": "unknown", "label": { "ru": "Не уверен(а)" },                            "delta": [250, 500], "ui": { "silent_delta": true } }
              ]
            },
            {
              "id": "prep",
              "text": { "ru": "Демонтаж/вывоз/подготовка" },
              "options": [
                { "value": "none",    "label": { "ru": "Не требуется" },                           "delta": [0, 0] },
                { "value": "remove",  "label": { "ru": "Демонтаж/вывоз (+₪400–₪800)" },            "delta": [400, 800] },
                { "value": "level",   "label": { "ru": "Локальное выравнивание (+₪300–₪600)" },    "delta": [300, 600] },
                { "value": "unknown", "label": { "ru": "Не уверен(а)" },                            "delta": [250, 500], "ui": { "silent_delta": true } }
              ]
            }
          ]
        },
        {
          "id": "laminate_apartment",
          "label": { "ru": "Несколько комнат / квартира" },
          "base_price": [1500, 2400],
          "questions": [
            {
              "id": "rooms",
              "text": { "ru": "Сколько комнат?" },
              "options": [
                { "value": "2",       "label": { "ru": "2 комнаты (+₪800–₪1,400)" },               "delta": [800, 1400] },
                { "value": "3",       "label": { "ru": "3 комнаты (+₪1,500–₪2,600)" },             "delta": [1500, 2600] },
                { "value": "4plus",   "label": { "ru": "4 и более (+₪2,600–₪4,200)" },             "delta": [2600, 4200] },
                { "value": "unknown", "label": { "ru": "Не уверен(а)" },                            "delta": [1200, 2200], "ui": { "silent_delta": true } }
              ]
            }
          ]
        }
      ]
    },

    {
      "id": "plaster",
      "label": { "ru": "Штукатурка / шпаклёвка и подготовка под окраску" },
      "subtypes": [
        {
          "id": "skim_room",
          "label": { "ru": "Выравнивание стен комнаты" },
          "base_price": [700, 1100],
          "questions": [
            {
              "id": "state",
              "text": { "ru": "Состояние стен" },
              "options": [
                { "value": "minor",   "label": { "ru": "Незначительные исправления" },              "delta": [0, 0] },
                { "value": "medium",  "label": { "ru": "Трещины/волны — средне (+₪400–₪800)" },     "delta": [400, 800] },
                { "value": "heavy",   "label": { "ru": "Полное выравнивание (+₪800–₪1,500)" },      "delta": [800, 1500] },
                { "value": "unknown", "label": { "ru": "Не уверен(а)" },                            "delta": [400, 900], "ui": { "silent_delta": true } }
              ]
            },
            {
              "id": "mold",
              "text": { "ru": "Плесень/влажность" },
              "options": [
                { "value": "no",      "label": { "ru": "Нет" },                                     "delta": [0, 0] },
                { "value": "yes",     "label": { "ru": "Да, локальная обработка (+₪300–₪600)" },    "delta": [300, 600] },
                { "value": "unknown", "label": { "ru": "Не уверен(а)" },                             "delta": [200, 400], "ui": { "silent_delta": true } }
              ]
            }
          ]
        },
        {
          "id": "crack_repair",
          "label": { "ru": "Ремонт трещин/углов" },
          "base_price": [350, 600],
          "questions": [
            {
              "id": "amount",
              "text": { "ru": "Количество" },
              "options": [
                { "value": "few",     "label": { "ru": "Мало" },                                    "delta": [0, 0] },
                { "value": "some",    "label": { "ru": "Средне (+₪200–₪400)" },                     "delta": [200, 400] },
                { "value": "many",    "label": { "ru": "Много (+₪400–₪800)" },                      "delta": [400, 800] },
                { "value": "unknown", "label": { "ru": "Не уверен(а)" },                             "delta": [200, 400], "ui": { "silent_delta": true } }
              ]
            }
          ]
        }
      ]
    },

    {
      "id": "bathroom",
      "label": { "ru": "Ремонт ванной (малой/средней)" },
      "subtypes": [
        {
          "id": "partial_refresh",
          "label": { "ru": "Частичное обновление" },
          "base_price": [2500, 4200],
          "result_note": { "ru": "Включает локальные демонтажи и частичное обновление облицовки/санфаянса." },
          "questions": [
            {
              "id": "scope",
              "text": { "ru": "Что включено?" },
              "options": [
                { "value": "tiling",   "label": { "ru": "Частичная облицовка/плитка пола (+₪1,200–₪2,200)" },  "delta": [1200, 2200] },
                { "value": "sanitary", "label": { "ru": "Замена умывальника/смесителя/унитаза (+₪900–₪1,800)" }, "delta": [900, 1800] },
                { "value": "shower",   "label": { "ru": "Замена душевой кабины/ванны (+₪1,400–₪2,600)" },       "delta": [1400, 2600] },
                { "value": "unknown",  "label": { "ru": "Не уверен(а)" },                                      "delta": [1000, 2000], "ui": { "silent_delta": true } }
              ]
            },
            {
              "id": "waterproof",
              "text": { "ru": "Гидроизоляция мокрой зоны" },
              "options": [
                { "value": "no",      "label": { "ru": "Нет" },                                       "delta": [0, 0] },
                { "value": "yes",     "label": { "ru": "Да (+₪900–₪1,600)" },                         "delta": [900, 1600] },
                { "value": "unknown", "label": { "ru": "Не уверен(а)" },                               "delta": [700, 1200], "ui": { "silent_delta": true } }
              ]
            }
          ]
        },
        {
          "id": "full_small",
          "label": { "ru": "Полный ремонт — небольшая ванная" },
          "base_price": [6500, 9500],
          "result_note": { "ru": "Включает демонтаж, подготовку, пол/облицовку, открытую сантехнику. Поставка сантехники/плитки — дополнительно." },
          "questions": [
            {
              "id": "size",
              "text": { "ru": "Размер" },
              "options": [
                { "value": "small",   "label": { "ru": "До 3.5 м²" },                                "delta": [0, 0] },
                { "value": "med",     "label": { "ru": "3.5–5.5 м² (+₪1,500–₪2,800)" },              "delta": [1500, 2800] },
                { "value": "unknown", "label": { "ru": "Не уверен(а)" },                               "delta": [900, 1800], "ui": { "silent_delta": true } }
              ]
            },
            {
              "id": "plumbing",
              "text": { "ru": "Изменения сантехники" },
              "options": [
                { "value": "minor",   "label": { "ru": "Незначительные (+₪600–₪1,200)" },            "delta": [600, 1200] },
                { "value": "major",   "label": { "ru": "Изменение трасс/переносы (+₪1,800–₪3,200)" }, "delta": [1800, 3200] },
                { "value": "unknown", "label": { "ru": "Не уверен(а)" },                               "delta": [900, 1800], "ui": { "silent_delta": true } }
              ]
            }
          ]
        }
      ]
    }
  ]
}
