{
  "request": "https://docs.google.com/spreadsheets/d/e/2PACX-1vR9YiVP4dIrbgcSinPI6A3LEiFUshyz1-OEqgriOGgh7cxcn6kvmQpdln7y9036_HUOYgjxYf0xFTof/pub?gid=2124600423&single=true&output=csv",
  "home": "https://docs.google.com/spreadsheets/d/e/2PACX-1vR9YiVP4dIrbgcSinPI6A3LEiFUshyz1-OEqgriOGgh7cxcn6kvmQpdln7y9036_HUOYgjxYf0xFTof/pub?gid=0&single=true&output=csv",
  "contact": "https://docs.google.com/spreadsheets/d/e/2PACX-1vR9YiVP4dIrbgcSinPI6A3LEiFUshyz1-OEqgriOGgh7cxcn6kvmQpdln7y9036_HUOYgjxYf0xFTof/pub?gid=244571902&single=true&output=csv",
  "estimate": "https://docs.google.com/spreadsheets/d/e/2PACX-1vR9YiVP4dIrbgcSinPI6A3LEiFUshyz1-OEqgriOGgh7cxcn6kvmQpdln7y9036_HUOYgjxYf0xFTof/pub?gid=1641511316&single=true&output=csv",
  "niches": "https://docs.google.com/spreadsheets/d/e/2PACX-1vR9YiVP4dIrbgcSinPI6A3LEiFUshyz1-OEqgriOGgh7cxcn6kvmQpdln7y9036_HUOYgjxYf0xFTof/pub?gid=926431026&single=true&output=csv",
  "reviews_keys": "https://docs.google.com/spreadsheets/d/e/2PACX-1vR9YiVP4dIrbgcSinPI6A3LEiFUshyz1-OEqgriOGgh7cxcn6kvmQpdln7y9036_HUOYgjxYf0xFTof/pub?gid=2139425870&single=true&output=csv",
  "why_us": "https://docs.google.com/spreadsheets/d/e/2PACX-1vR9YiVP4dIrbgcSinPI6A3LEiFUshyz1-OEqgriOGgh7cxcn6kvmQpdln7y9036_HUOYgjxYf0xFTof/pub?gid=295015353&single=true&output=csv",
  "show_workers" : "https://docs.google.com/spreadsheets/d/e/2PACX-1vR9YiVP4dIrbgcSinPI6A3LEiFUshyz1-OEqgriOGgh7cxcn6kvmQpdln7y9036_HUOYgjxYf0xFTof/pub?gid=1514592456&single=true&output=csv",
  "works" : "https://docs.google.com/spreadsheets/d/e/2PACX-1vR9YiVP4dIrbgcSinPI6A3LEiFUshyz1-OEqgriOGgh7cxcn6kvmQpdln7y9036_HUOYgjxYf0xFTof/pub?gid=1007543161&single=true&output=csv"
}
