{  
  "navbar_home": "דף הבית",
  "navbar_why_us": "למה לבחור בנו",
  "navbar_niches": "תחומים",
  "navbar_contact": "צור קשר",
  "navbar_works": "העבודות שלנו",
  "page_contact_title": "צור קשר",
  "page_contact_heading": "צור קשר",
  "page_contact_subtext": "אנחנו כאן בשבילך! מלא את הטופס ונחזור אליך בהקדם.",
  "contact_name": "שם מלא",
  "contact_email": "אימייל",
  "contact_message": "הודעה",
  "contact_send": "שלח",
  "contact_or_whatsapp": "או שלחו לנו הודעה בוואטסאפ",
  "homepage.whatsapp_help": "צ'אט איתנו בוואטסאפ"
}