{
  "ui": {
    "page_title": "מחשבון הצעת מחיר",
    "h1": "מחשבון הצעת מחיר",
    "subtitle": "ענו על כמה שאלות קצרות ונחשב טווח מחיר משוער לפי התחום שבחרתם.",
    "greeting": "היי 👋 נחשב יחד טווח מחיר משוער.",
    "loading_jobs": "בודק מה רלוונטי לתחום שבחרתם…",
    "choose_job": "איזו עבודה בדיוק צריך?",
    "preparing_opts": "מכין אפשרויות…",
    "where_exactly": "איפה בדיוק?",
    "loading_questions": "טוען שאלות מתאימות…",
    "computing": "מחשב תוצאה…",
    "ask_category": "באיזה תחום צריך עבודה?",
    "field_label": "תחום:",
    "job_label": "עבודה:",
    "where_label": "איפה:",
    "details_label": "פירוט:",
    "range_label": "טווח מחיר משוער:",
    "cart_title": "סיכום חישובים",
    "cart_total": "סך הכל מצטבר:",
    "cart_not_added": "⚠️ הטווח לא זוהה/אפסי ולכן לא נוסף לסיכום. אפשר להוסיף עבודה נוספת או לשנות תשובות.",
    "err_load_opts": "⚠️ בעיה בטעינת האפשרויות. ננסה שוב.",
    "err_load_subs": "⚠️ בעיה בטעינת האפשרויות.",
    "err_load_qs": "⚠️ אירעה שגיאה בטעינת השאלות.",
    "err_quote": "⚠️ שגיאה בהבאת הצעת המחיר.",
    "add_more": "נוסיף עבודה נוספת לחישוב המצטבר."
  },
  "categories": {
    "plumbing": "אינסטלציה",
    "electricity": "חשמל",
    "painting": "צביעה",
    "locksmith": "מנעולן",
    "renovation": "שיפוצים"
  }
}
