{
  "navbar_home": "דף הבית",
  "navbar_why_us": "למה לבחור בנו",
  "navbar_niches": "תחומים",
  "navbar_contact": "צור קשר",
  "navbar_works": "העבודות שלנו",
  "niche_plumber": "אינסטלציה",
  "niche_electric": "חשמל",
  "niche_renovation": "שיפוצים",
  "niche_locksmith": "מנעולנים",
  "page_niches_heading": "בעלי המקצוע שלנו",
  "page_niches_text": "מגוון רחב של תחומים – כולם עם אנשי מקצוע מומלצים, זמינים ואמינים באזור שלך."

}