{
  "nav_home": "דף הבית",
  "nav_why_us": "למה לבחור בנו",
  "nav_works": "עבודות",
  "nav_niches": "תחומים",
  "nav_contact": "צור קשר",
  "page_title": "מצא את המקצוען שלך בקליק",
  "no_workers_found": "לא נמצאו בעלי מקצוע מתאימים.",
  "label_field": "תחום",
  "label_experience": "ניסיון",
  "label_description": "תיאור",
  "not_available": "לא זמין כרגע ❌",
  "call_now": "חייג",
  "footer_terms": "תנאי שימוש",
  "footer_privacy": "מדיניות פרטיות",
  "footer_accessibility": "נגישות",
  "footer_copyright": "© 2025 בעלי מקצוע בקליק. כל הזכויות שמורות.",
  "workers_list_aria": "רשימת בעלי מקצוע",
  "default_tagline": "מקצוען בתחום {field}",
  "find_your_pro": "מצא את בעל המקצוע שלך",
  "search_button": "חפש",
  "label_area": "אזור",
  "worker_rating": "דירוג",
  "more_reviews": "לעוד ביקורות",
  "skip_to_main_content": "דלג לתוכן המרכזי",
  "phone_icon_alt": "אייקון טלפון"

}
