{
  "site_name": "בעלי מקצוע בקליק",

  "why_us_title": "למה לבחור בנו",
  "why_us_heading": "למה לבחור בעלי מקצוע בקליק?",
  "why_us_subheading": "כאן לא מחפשים – מוצאים. בעלי מקצוע מאומתים, אמינים וזמינים.",
  "why_us_cta_button": "מצאו בעל מקצוע עכשיו",

  "why_us_watch_videos": "ראו סרטוני בעלי מקצוע",
  "why_us_try_calc": "בדקו מחיר משוער",
  "trust_indicators": "סימני אמון",

  "trusted_pros": "בעלי מקצוע מאומתים",
  "cities_covered": "ערים מכוסות",
  "avg_rating": "דירוג ממוצע",

  "quality_process": "תהליך האיכות שלנו",

  "why_us_step1_title": "בדיקה אישית",
  "why_us_step1_desc": "אנחנו יוצרים קשר עם כל בעל מקצוע, מאמתים המלצות וניסיון.",

  "why_us_step2_title": "בדיקת לקוחות",
  "why_us_step2_desc": "משוחחים עם לקוחות קודמים על שירות, אמינות ומחיר.",

  "why_us_step3_title": "התאמה אישית",
  "why_us_step3_desc": "בחרו תחום ועיר – אנחנו נתאים את בעל המקצוע הנכון.",

  "why_us_step4_title": "שירות אישי גם אחרי",
  "why_us_step4_desc": "אנחנו כאן בשבילכם גם אחרי שהעבודה הסתיימה – שירות אמיתי.",

  "why_us_video_feature_title": "סרטוני וידאו ייחודיים",
  "why_us_video_feature_desc": "לכל בעל מקצוע יש סרטון היכרות קצר – תראו את האדם לפני שמתקשרים.",

  "why_us_calc_title": "מחשבון הצעות מחיר חכם",
  "why_us_calc_desc": "קבלו טווח מחיר משוער מיידית לפי תחום, עיר והיקף עבודה.",
  "why_us_calc_pitch": "ענו על כמה שאלות וקבלו טווח מחיר משוער — ללא התחייבות, תוך שניות.",

  "why_us_wa_title": "וואטסאפ ישיר",
  "why_us_wa_desc": "פנייה מהירה לנותן השירות – אין טפסים מסורבלים, תקשורת שקופה.",

  "why_us_multilang_title": "רב־לשוני ונגיש",
  "why_us_multilang_desc": "עברית, אנגלית, רוסית + נגישות לפי תקן. כולם מרגישים בבית.",

  "why_us_videos_title": "תכירו את בעלי המקצוע שלנו (וידאו)",

  "pro_plumber": "יוסי • אינסטלטור",
  "city_telaviv": "ת״א והמרכז",
  "pro_electric": "דני • חשמלאי",
  "city_sharon": "אזור השרון",
  "pro_locksmith": "אלה • מנעולנית",
  "city_gushdan": "גוש דן",
  "pro_hvac": "רותם • מיזוג אוויר",
  "city_krayot": "חיפה והקריות",

  "assurance_title": "מה חשוב לנו",
  "privacy_title": "פרטיות ושקיפות",
  "privacy_desc": "בלי ספאם. יוצרים קשר רק כשאתם מבקשים, וכל פרטי התמחור פתוחים וברורים.",
  "access_title": "נגישות",
  "access_desc": "שואפים לעמידה בתקן — ניווט מקלדת, פוקוס ברור ותיאורי alt.",
  "speed_title": "התאמה מהירה",
  "speed_desc": "מנוע התאמה מהיר לפי תחום+עיר, כולל וידאו, ביקורות ויצירת קשר מיידית.",

  "why_us_icon_alt_1": "אייקון בעל מקצוע",
  "why_us_icon_alt_2": "אייקון חוות דעת",
  "why_us_icon_alt_3": "אייקון תמיכה אישית",
  "why_us_icon_alt_4": "אייקון התאמה אישית",

  "nav_home": "דף הבית",
  "nav_why_us": "למה לבחור בנו",
  "nav_niches": "תחומים",
  "nav_contact": "צור קשר",
  "nav_works": "העבודות שלנו"
}
