{
  "our_work_title": "עבודות שביצענו",
  "our_work_heading": "העבודות שלנו — בשבילכם",
  "kitchen_renovation": "שיפוץ מטבח",
  "kitchen_renovation_desc": "שיפוץ מטבח מודרני, עבודה איכותית עם דגש על פרטים, כולל התקנת ארונות חדשים, ריצוף והחלפת משטח העבודה.",
  "electric_work": "התקנת מערכת חשמל חדשה",
  "electric_work_desc": "התקנת מערכת חשמל מקצועית ובטיחותית, כולל החלפת לוח חשמל ושדרוג תשתיות קיימות.",
  "plumbing_work": "תיקון צנרת",
  "plumbing_work_desc": "תיקון צנרת מקצועי ומהיר, טיפול בדליפות והחלפת צינורות ישנים עם חומרי גלם איכותיים.",
  "pro_name": "בעל מקצוע",
  "navbar_home": "דף הבית",
  "navbar_why_us": "למה לבחור בנו",
  "navbar_niches": "תחומים",
  "navbar_contact": "צור קשר",
  "navbar_works": "העבודות שלנו"

}
